Date,Brent,WTI,DXY,Gold,Copper,NatGas,SP500
2019-01-02,54.90999984741211,46.540000915527344,96.81999969482422,1281.0,2.625,2.9579999446868896,2510.030029296875
2019-01-03,55.95000076293945,47.09000015258789,96.30999755859375,1291.800048828125,2.570499897003174,2.944999933242798,2447.889892578125
2019-01-04,57.060001373291016,47.959999084472656,96.19000244140625,1282.699951171875,2.6514999866485596,3.0439999103546143,2531.93994140625
2019-01-07,57.33000183105469,48.52000045776367,95.70999908447266,1286.800048828125,2.6410000324249268,2.944000005722046,2549.68994140625
2019-01-08,58.720001220703125,49.779998779296875,95.9000015258789,1283.199951171875,2.6605000495910645,2.9670000076293945,2574.409912109375
2019-01-09,61.439998626708984,52.36000061035156,95.22000122070312,1289.300048828125,2.6619999408721924,2.9839999675750732,2584.9599609375
2019-01-10,61.68000030517578,52.59000015258789,95.54000091552734,1284.699951171875,2.6435000896453857,2.9690001010894775,2596.639892578125
2019-01-11,60.47999954223633,51.59000015258789,95.66999816894531,1287.0999755859375,2.6695001125335693,3.0989999771118164,2596.260009765625
2019-01-14,58.9900016784668,50.5099983215332,95.58999633789062,1289.0999755859375,2.6454999446868896,3.5910000801086426,2582.610107421875
2019-01-15,60.63999938964844,52.11000061035156,95.97000122070312,1286.199951171875,2.6505000591278076,3.500999927520752,2610.300048828125
2019-01-16,61.31999969482422,52.310001373291016,96.05999755859375,1291.5999755859375,2.69350004196167,3.384000062942505,2616.10009765625
2019-01-17,61.18000030517578,52.06999969482422,96.06999969482422,1291.0,2.700000047683716,3.4130001068115234,2635.9599609375
2019-01-18,62.70000076293945,53.79999923706055,96.33999633789062,1281.300048828125,2.740999937057495,3.4820001125335693,2670.7099609375
2019-01-22,61.5,52.56999969482422,96.30000305175781,1282.5,2.688999891281128,3.0399999618530273,2632.89990234375
2019-01-23,61.13999938964844,52.619998931884766,96.12000274658203,1283.0999755859375,2.694000005722046,2.9800000190734863,2638.699951171875
2019-01-24,61.09000015258789,53.130001068115234,96.5999984741211,1279.0999755859375,2.6735000610351562,3.0989999771118164,2642.330078125
2019-01-25,61.63999938964844,53.689998626708984,95.79000091552734,1297.4000244140625,2.73799991607666,3.177999973297119,2664.760009765625
2019-01-28,59.93000030517578,51.9900016784668,95.75,1302.4000244140625,2.6875,2.9110000133514404,2643.85009765625
2019-01-29,61.31999969482422,53.310001373291016,95.81999969482422,1308.199951171875,2.7320001125335693,2.950000047683716,2640.0
2019-01-30,61.650001525878906,54.22999954223633,95.33999633789062,1309.9000244140625,2.7730000019073486,2.8540000915527344,2681.050048828125
2019-01-31,61.88999938964844,53.790000915527344,95.58000183105469,1319.699951171875,2.7890000343322754,2.813999891281128,2704.10009765625
2019-02-01,61.869998931884766,55.2599983215332,95.58000183105469,1316.9000244140625,2.7750000953674316,2.7339999675750732,2706.530029296875
2019-02-04,62.5099983215332,54.560001373291016,95.8499984741211,1314.300048828125,2.7950000762939453,2.6600000858306885,2724.8701171875
2019-02-05,61.97999954223633,53.65999984741211,96.0999984741211,1314.199951171875,2.816999912261963,2.6619999408721924,2737.699951171875
2019-02-06,62.689998626708984,54.0099983215332,96.41999816894531,1309.5,2.8355000019073486,2.6619999408721924,2731.610107421875
2019-02-07,61.630001068115234,52.63999938964844,96.51000213623047,1309.4000244140625,2.8285000324249268,2.5510001182556152,2706.050048828125
2019-02-08,62.099998474121094,52.720001220703125,96.63999938964844,1313.699951171875,2.809999942779541,2.5829999446868896,2707.8798828125
2019-02-11,61.5099983215332,52.40999984741211,97.05999755859375,1307.0,2.7915000915527344,2.6419999599456787,2709.800048828125
2019-02-12,62.41999816894531,53.099998474121094,96.70999908447266,1309.199951171875,2.7744998931884766,2.687999963760376,2744.72998046875
2019-02-13,63.61000061035156,53.900001525878906,97.12999725341797,1310.800048828125,2.7739999294281006,2.575000047683716,2753.030029296875
2019-02-14,64.56999969482422,54.40999984741211,96.9800033569336,1309.800048828125,2.7760000228881836,2.572999954223633,2745.72998046875
2019-02-15,66.25,55.59000015258789,96.91999816894531,1318.0999755859375,2.802500009536743,2.625,2775.60009765625
2019-02-19,66.44999694824219,56.09000015258789,96.5199966430664,1340.0999755859375,2.881500005722046,2.6619999408721924,2779.760009765625
2019-02-20,67.08000183105469,56.91999816894531,96.44999694824219,1343.300048828125,2.930000066757202,2.635999917984009,2784.699951171875
2019-02-21,67.06999969482422,56.959999084472656,96.61000061035156,1323.5,2.9024999141693115,2.697000026702881,2774.8798828125
2019-02-22,67.12000274658203,57.2599983215332,96.51000213623047,1329.199951171875,2.9609999656677246,2.7170000076293945,2792.669921875
2019-02-25,64.76000213623047,55.47999954223633,96.41000366210938,1325.9000244140625,2.950000047683716,2.8359999656677246,2796.110107421875
2019-02-26,65.20999908447266,55.5,96.0,1325.0999755859375,2.944000005722046,2.8550000190734863,2793.89990234375
2019-02-27,66.38999938964844,56.939998626708984,96.1500015258789,1317.699951171875,2.9590001106262207,2.7990000247955322,2792.3798828125
2019-02-28,66.02999877929688,57.220001220703125,96.16000366210938,1312.800048828125,2.950000047683716,2.812000036239624,2784.489990234375
2019-03-01,65.06999969482422,55.79999923706055,96.52999877929688,1296.4000244140625,2.933500051498413,2.8589999675750732,2803.68994140625
2019-03-04,65.66999816894531,56.59000015258789,96.68000030517578,1284.800048828125,2.9110000133514404,2.8570001125335693,2792.81005859375
2019-03-05,65.86000061035156,56.560001373291016,96.8499984741211,1282.0,2.936000108718872,2.884000062942505,2789.64990234375
2019-03-06,65.98999786376953,56.220001220703125,96.87000274658203,1284.9000244140625,2.9184999465942383,2.8410000801086426,2771.449951171875
2019-03-07,66.30000305175781,56.65999984741211,97.66999816894531,1283.800048828125,2.9114999771118164,2.865999937057495,2748.929931640625
2019-03-08,65.73999786376953,56.06999969482422,97.37000274658203,1297.0,2.8940000534057617,2.865000009536743,2743.070068359375
2019-03-11,66.58000183105469,56.790000915527344,97.22000122070312,1288.800048828125,2.9000000953674316,2.7720000743865967,2783.300048828125
2019-03-12,66.66999816894531,56.869998931884766,96.94000244140625,1296.300048828125,2.927500009536743,2.7839999198913574,2791.52001953125
2019-03-13,67.55000305175781,58.2599983215332,96.55000305175781,1307.5,2.933500051498413,2.819999933242798,2810.919921875
2019-03-14,67.2300033569336,58.61000061035156,96.79000091552734,1293.4000244140625,2.8884999752044678,2.8550000190734863,2808.47998046875
2019-03-15,67.16000366210938,58.52000045776367,96.5999984741211,1301.800048828125,2.9035000801086426,2.7950000762939453,2822.47998046875
2019-03-18,67.54000091552734,59.09000015258789,96.5199966430664,1300.300048828125,2.9035000801086426,2.8499999046325684,2832.93994140625
2019-03-19,67.61000061035156,59.029998779296875,96.37999725341797,1305.0,2.9195001125335693,2.874000072479248,2832.570068359375
2019-03-20,68.5,59.83000183105469,95.76000213623047,1300.5,2.9154999256134033,2.819999933242798,2824.22998046875
2019-03-21,67.86000061035156,59.97999954223633,96.5,1306.0999755859375,2.9000000953674316,2.821000099182129,2854.8798828125
2019-03-22,67.02999877929688,59.040000915527344,96.6500015258789,1311.5999755859375,2.8359999656677246,2.753000020980835,2800.7099609375
2019-03-25,67.20999908447266,58.81999969482422,96.56999969482422,1321.9000244140625,2.8494999408721924,2.755000114440918,2798.360107421875
2019-03-26,67.97000122070312,59.939998626708984,96.73999786376953,1314.300048828125,2.8505001068115234,2.740000009536743,2818.4599609375
2019-03-27,67.83000183105469,59.40999984741211,96.7699966430664,1309.9000244140625,2.8580000400543213,2.7130000591278076,2805.3701171875
2019-03-28,67.81999969482422,59.29999923706055,97.19999694824219,1289.800048828125,2.868499994277954,2.7119998931884766,2815.43994140625
2019-03-29,68.38999938964844,60.13999938964844,97.27999877929688,1293.0,2.936000108718872,2.6619999408721924,2834.39990234375
2019-04-01,69.01000213623047,61.59000015258789,97.25,1288.4000244140625,2.9205000400543213,2.7079999446868896,2867.18994140625
2019-04-02,69.37000274658203,62.58000183105469,97.36000061035156,1290.0,2.9040000438690186,2.684000015258789,2867.239990234375
2019-04-03,69.30999755859375,62.459999084472656,97.08999633789062,1289.9000244140625,2.946500062942505,2.677000045776367,2873.39990234375
2019-04-04,69.4000015258789,62.099998474121094,97.30999755859375,1289.0,2.9084999561309814,2.6429998874664307,2879.389892578125
2019-04-05,70.33999633789062,63.08000183105469,97.4000015258789,1290.4000244140625,2.8924999237060547,2.6640000343322754,2892.739990234375
2019-04-08,71.0999984741211,64.4000015258789,97.05000305175781,1297.0999755859375,2.929500102996826,2.7079999446868896,2895.77001953125
2019-04-09,70.61000061035156,63.97999954223633,97.01000213623047,1303.5,2.93149995803833,2.6989998817443848,2878.199951171875
2019-04-10,71.7300033569336,64.61000061035156,96.94999694824219,1309.0999755859375,2.922499895095825,2.700000047683716,2888.2099609375
2019-04-11,70.83000183105469,63.58000183105469,97.18000030517578,1288.5999755859375,2.885999917984009,2.6640000343322754,2888.320068359375
2019-04-12,71.55000305175781,63.88999938964844,96.97000122070312,1290.5999755859375,2.946000099182129,2.6600000858306885,2907.409912109375
2019-04-15,71.18000030517578,63.400001525878906,96.94000244140625,1286.800048828125,2.934000015258789,2.5899999141693115,2905.580078125
2019-04-16,71.72000122070312,64.05000305175781,97.04000091552734,1272.5999755859375,2.930500030517578,2.572000026702881,2907.06005859375
2019-04-17,71.62000274658203,63.7599983215332,97.01000213623047,1272.199951171875,2.9755001068115234,2.5169999599456787,2900.449951171875
2019-04-18,71.97000122070312,64.0,97.47000122070312,1271.9000244140625,2.927500009536743,2.490000009536743,2905.030029296875
2019-04-22,74.04000091552734,65.69999694824219,97.27999877929688,1273.5,2.9065001010894775,2.5239999294281006,2907.969970703125
2019-04-23,74.51000213623047,66.30000305175781,97.56999969482422,1269.300048828125,2.8984999656677246,2.4549999237060547,2933.679931640625
2019-04-24,74.56999969482422,65.88999938964844,98.0999984741211,1275.5,2.9175000190734863,2.4619998931884766,2927.25
2019-04-25,74.3499984741211,65.20999908447266,98.19999694824219,1275.800048828125,2.877500057220459,2.5139999389648438,2926.169921875
2019-04-26,72.1500015258789,63.29999923706055,98.01000213623047,1284.9000244140625,2.9700000286102295,2.565999984741211,2939.8798828125
2019-04-29,72.04000091552734,63.5,97.86000061035156,1278.5999755859375,2.8949999809265137,2.5929999351501465,2943.030029296875
2019-04-30,72.80000305175781,63.90999984741211,97.4800033569336,1282.800048828125,2.9014999866485596,2.575000047683716,2945.830078125
2019-05-01,72.18000030517578,63.599998474121094,97.69000244140625,1281.4000244140625,2.802999973297119,2.619999885559082,2923.72998046875
2019-05-02,70.75,61.810001373291016,97.83000183105469,1269.699951171875,2.7839999198913574,2.5889999866485596,2917.52001953125
2019-05-03,70.8499984741211,61.939998626708984,97.5199966430664,1279.199951171875,2.825000047683716,2.566999912261963,2945.639892578125
2019-05-06,71.23999786376953,62.25,97.5199966430664,1281.699951171875,2.8369998931884766,2.5239999294281006,2932.469970703125
2019-05-07,69.87999725341797,61.400001525878906,97.62999725341797,1283.5,2.7939999103546143,2.5369999408721924,2884.050048828125
2019-05-08,70.37000274658203,62.119998931884766,97.62000274658203,1279.4000244140625,2.7855000495910645,2.609999895095825,2879.419921875
2019-05-09,70.38999938964844,61.70000076293945,97.37000274658203,1283.5,2.7834999561309814,2.5950000286102295,2870.719970703125
2019-05-10,70.62000274658203,61.65999984741211,97.33000183105469,1285.699951171875,2.7850000858306885,2.61899995803833,2881.39990234375
2019-05-13,70.2300033569336,61.040000915527344,97.31999969482422,1300.0999755859375,2.7295000553131104,2.621000051498413,2811.8701171875
2019-05-14,71.23999786376953,61.779998779296875,97.52999877929688,1294.699951171875,2.734499931335449,2.6589999198913574,2834.409912109375
2019-05-15,71.7699966430664,62.02000045776367,97.56999969482422,1296.300048828125,2.753499984741211,2.6010000705718994,2850.9599609375
2019-05-16,72.62000274658203,62.869998931884766,97.83999633789062,1285.0,2.758500099182129,2.6389999389648438,2876.320068359375
2019-05-17,72.20999908447266,62.7599983215332,98.0,1274.5,2.747999906539917,2.63100004196167,2859.530029296875
2019-05-20,71.97000122070312,63.099998474121094,97.93000030517578,1276.0999755859375,2.7360000610351562,2.6730000972747803,2840.22998046875
2019-05-21,72.18000030517578,62.9900016784668,98.05999755859375,1272.0,2.7235000133514404,2.61299991607666,2864.360107421875
2019-05-22,70.98999786376953,61.41999816894531,98.11000061035156,1273.5999755859375,2.686000108718872,2.5429999828338623,2856.27001953125
2019-05-23,67.76000213623047,57.90999984741211,97.8499984741211,1284.800048828125,2.686500072479248,2.578000068664551,2822.239990234375
2019-05-24,68.69000244140625,58.630001068115234,97.61000061035156,1283.0,2.7065000534057617,2.5980000495910645,2826.06005859375
2019-05-28,70.11000061035156,59.13999938964844,97.95999908447266,1276.5,2.7035000324249268,2.5820000171661377,2802.389892578125
2019-05-29,69.44999694824219,58.810001373291016,98.13999938964844,1280.5999755859375,2.672499895095825,2.632999897003174,2783.02001953125
2019-05-30,66.87000274658203,56.59000015258789,98.13999938964844,1287.0999755859375,2.6605000495910645,2.546999931335449,2788.860107421875
2019-05-31,64.48999786376953,53.5,97.75,1305.800048828125,2.6459999084472656,2.4539999961853027,2752.06005859375
2019-06-03,61.279998779296875,53.25,97.13999938964844,1322.699951171875,2.6554999351501465,2.4030001163482666,2744.449951171875
2019-06-04,61.970001220703125,53.47999954223633,97.06999969482422,1323.4000244140625,2.6735000610351562,2.4159998893737793,2803.27001953125
2019-06-05,60.630001068115234,51.68000030517578,97.37000274658203,1328.300048828125,2.627000093460083,2.378000020980835,2826.14990234375
2019-06-06,61.66999816894531,52.59000015258789,97.02999877929688,1337.5999755859375,2.6540000438690186,2.3239998817443848,2843.489990234375
2019-06-07,63.290000915527344,53.9900016784668,96.61000061035156,1341.199951171875,2.630500078201294,2.3369998931884766,2873.340087890625
2019-06-10,62.290000915527344,53.2599983215332,96.76000213623047,1324.699951171875,2.6640000343322754,2.3570001125335693,2886.72998046875
2019-06-11,62.290000915527344,53.27000045776367,96.69000244140625,1326.4000244140625,2.67549991607666,2.3989999294281006,2885.719970703125
2019-06-12,59.970001220703125,51.13999938964844,97.0,1331.9000244140625,2.6589999198913574,2.385999917984009,2879.840087890625
2019-06-13,61.310001373291016,52.279998779296875,97.01000213623047,1339.199951171875,2.6610000133514404,2.325000047683716,2891.639892578125
2019-06-14,62.0099983215332,52.5099983215332,97.56999969482422,1340.0999755859375,2.634500026702881,2.38700008392334,2886.97998046875
2019-06-17,60.939998626708984,51.93000030517578,97.55999755859375,1338.699951171875,2.6510000228881836,2.385999917984009,2889.669921875
2019-06-18,62.13999938964844,53.900001525878906,97.63999938964844,1346.5999755859375,2.7070000171661377,2.328000068664551,2917.75
2019-06-19,61.81999969482422,53.7599983215332,97.12000274658203,1344.5999755859375,2.684499979019165,2.2760000228881836,2926.4599609375
2019-06-20,64.44999694824219,56.650001525878906,96.62999725341797,1392.9000244140625,2.7155001163482666,2.184999942779541,2954.179931640625
2019-06-21,65.19999694824219,57.43000030517578,96.22000122070312,1396.199951171875,2.7060000896453857,2.186000108718872,2950.4599609375
2019-06-24,64.86000061035156,57.900001525878906,95.9800033569336,1414.300048828125,2.7054998874664307,2.302999973297119,2945.35009765625
2019-06-25,65.05000305175781,57.83000183105469,96.16000366210938,1414.9000244140625,2.7355000972747803,2.308000087738037,2917.3798828125
2019-06-26,66.48999786376953,59.380001068115234,96.20999908447266,1411.5999755859375,2.7109999656677246,2.2909998893737793,2913.780029296875
2019-06-27,66.55000305175781,59.43000030517578,96.19000244140625,1408.4000244140625,2.7125000953674316,2.3239998817443848,2924.919921875
2019-06-28,66.55000305175781,58.470001220703125,96.12999725341797,1409.699951171875,2.7054998874664307,2.308000087738037,2941.760009765625
2019-07-01,65.05999755859375,59.09000015258789,96.83999633789062,1385.5999755859375,2.679500102996826,2.2669999599456787,2964.330078125
2019-07-02,62.400001525878906,56.25,96.7300033569336,1404.5999755859375,2.6575000286102295,2.240000009536743,2973.010009765625
2019-07-03,63.81999969482422,57.34000015258789,96.7699966430664,1417.699951171875,2.679500102996826,2.2899999618530273,2995.820068359375
2019-07-05,64.2300033569336,57.5099983215332,97.25,1396.699951171875,2.6584999561309814,2.4179999828338623,2990.409912109375
2019-07-08,64.11000061035156,57.65999984741211,97.37999725341797,1397.0,2.6559998989105225,2.4030001163482666,2975.949951171875
2019-07-09,64.16000366210938,57.83000183105469,97.48999786376953,1397.5,2.624500036239624,2.424999952316284,2979.6298828125
2019-07-10,67.01000213623047,60.43000030517578,97.0999984741211,1410.0999755859375,2.693000078201294,2.444000005722046,2993.070068359375
2019-07-11,66.5199966430664,60.20000076293945,97.05000305175781,1404.300048828125,2.682499885559082,2.4159998893737793,2999.909912109375
2019-07-12,66.72000122070312,60.209999084472656,96.80999755859375,1409.9000244140625,2.691499948501587,2.453000068664551,3013.77001953125
2019-07-15,66.4800033569336,59.58000183105469,96.93000030517578,1411.4000244140625,2.7074999809265137,2.4079999923706055,3014.300048828125
2019-07-16,64.3499984741211,57.619998931884766,97.4000015258789,1409.199951171875,2.69350004196167,2.305999994277954,3004.0400390625
2019-07-17,63.65999984741211,56.779998779296875,97.22000122070312,1421.300048828125,2.7100000381469727,2.303999900817871,2984.419921875
2019-07-18,61.93000030517578,55.29999923706055,96.79000091552734,1426.0999755859375,2.7039999961853027,2.2869999408721924,2995.110107421875
2019-07-19,62.470001220703125,55.630001068115234,97.1500015258789,1425.0999755859375,2.744499921798706,2.250999927520752,2976.610107421875
2019-07-22,63.2599983215332,56.220001220703125,97.26000213623047,1425.300048828125,2.7144999504089355,2.312000036239624,2985.030029296875
2019-07-23,63.83000183105469,56.77000045776367,97.70999908447266,1420.0999755859375,2.694000005722046,2.299999952316284,3005.469970703125
2019-07-24,63.18000030517578,55.880001068115234,97.7300033569336,1422.800048828125,2.7039999961853027,2.2200000286102295,3019.56005859375
2019-07-25,63.38999938964844,56.02000045776367,97.81999969482422,1413.9000244140625,2.695499897003174,2.24399995803833,3003.669921875
2019-07-26,63.459999084472656,56.20000076293945,98.01000213623047,1418.5,2.676500082015991,2.1689999103546143,3025.860107421875
2019-07-29,63.709999084472656,56.869998931884766,98.04000091552734,1419.5999755859375,2.7095000743865967,2.1410000324249268,3020.969970703125
2019-07-30,64.72000122070312,58.04999923706055,98.05000305175781,1429.699951171875,2.6705000400543213,2.13700008392334,3013.179931640625
2019-07-31,65.16999816894531,58.58000183105469,98.5199966430664,1426.0999755859375,2.6579999923706055,2.2330000400543213,2980.3798828125
2019-08-01,60.5,53.95000076293945,98.38999938964844,1420.9000244140625,2.6600000858306885,2.2019999027252197,2953.56005859375
2019-08-02,61.88999938964844,55.65999984741211,98.0999984741211,1445.5999755859375,2.565000057220459,2.121000051498413,2932.050048828125
2019-08-05,59.810001373291016,54.689998626708984,97.5,1464.5999755859375,2.5369999408721924,2.069999933242798,2844.739990234375
2019-08-06,58.939998626708984,53.630001068115234,97.62999725341797,1472.4000244140625,2.5510001182556152,2.1110000610351562,2881.77001953125
2019-08-07,56.22999954223633,51.09000015258789,97.54000091552734,1507.300048828125,2.565000057220459,2.0829999446868896,2883.97998046875
2019-08-08,57.380001068115234,52.540000915527344,97.62000274658203,1497.699951171875,2.6019999980926514,2.128000020980835,2938.090087890625
2019-08-09,58.529998779296875,54.5,97.48999786376953,1496.5999755859375,2.5840001106262207,2.11899995803833,2918.64990234375
2019-08-12,58.56999969482422,54.93000030517578,97.37999725341797,1505.300048828125,2.5799999237060547,2.1050000190734863,2882.699951171875
2019-08-13,61.29999923706055,57.099998474121094,97.80999755859375,1502.199951171875,2.624500036239624,2.1470000743865967,2926.320068359375
2019-08-14,59.47999954223633,55.22999954223633,97.98999786376953,1515.9000244140625,2.5864999294281006,2.1429998874664307,2840.60009765625
2019-08-15,58.22999954223633,54.470001220703125,98.13999938964844,1519.5999755859375,2.5894999504089355,2.2320001125335693,2847.60009765625
2019-08-16,58.63999938964844,54.869998931884766,98.13999938964844,1512.5,2.5899999141693115,2.200000047683716,2888.679931640625
2019-08-19,59.7400016784668,56.209999084472656,98.3499984741211,1500.4000244140625,2.5969998836517334,2.2100000381469727,2923.64990234375
2019-08-20,60.029998779296875,56.34000015258789,98.19000244140625,1504.5999755859375,2.5739998817443848,2.2179999351501465,2900.510009765625
2019-08-21,60.29999923706055,55.68000030517578,98.30000305175781,1504.5999755859375,2.5815000534057617,2.1700000762939453,2924.429931640625
2019-08-22,59.91999816894531,55.349998474121094,98.16999816894531,1497.300048828125,2.553499937057495,2.1589999198913574,2922.949951171875
2019-08-23,59.34000015258789,54.16999816894531,97.63999938964844,1526.5999755859375,2.5260000228881836,2.1519999504089355,2847.110107421875
2019-08-26,58.70000076293945,53.63999938964844,98.08000183105469,1526.300048828125,2.5399999618530273,2.2300000190734863,2878.3798828125
2019-08-27,59.5099983215332,54.93000030517578,98.0,1541.0,2.5434999465942383,2.2019999027252197,2869.159912109375
2019-08-28,60.4900016784668,55.779998779296875,98.20999908447266,1537.800048828125,2.5510001182556152,2.250999927520752,2887.93994140625
2019-08-29,61.08000183105469,56.709999084472656,98.51000213623047,1526.5,2.559499979019165,2.2960000038146973,2924.580078125
2019-08-30,60.43000030517578,55.099998474121094,98.91999816894531,1519.0999755859375,2.5329999923706055,2.2850000858306885,2926.4599609375
2019-09-03,58.2599983215332,53.939998626708984,98.94999694824219,1545.9000244140625,2.512500047683716,2.3580000400543213,2906.27001953125
2019-09-04,60.70000076293945,56.2599983215332,98.44999694824219,1550.300048828125,2.5789999961853027,2.444999933242798,2937.780029296875
2019-09-05,60.95000076293945,56.29999923706055,98.41000366210938,1515.4000244140625,2.624500036239624,2.434999942779541,2976.0
2019-09-06,61.540000915527344,56.52000045776367,98.38999938964844,1506.199951171875,2.615499973297119,2.496000051498413,2978.7099609375
2019-09-09,62.59000015258789,57.849998474121094,98.27999877929688,1502.199951171875,2.6105000972747803,2.5850000381469727,2978.429931640625
2019-09-10,62.380001068115234,57.400001525878906,98.33000183105469,1490.300048828125,2.6105000972747803,2.5799999237060547,2979.389892578125
2019-09-11,60.810001373291016,55.75,98.6500015258789,1494.4000244140625,2.5975000858306885,2.552000045776367,3000.929931640625
2019-09-12,60.380001068115234,55.09000015258789,98.30999755859375,1498.699951171875,2.623500108718872,2.5739998817443848,3009.570068359375
2019-09-13,60.220001220703125,54.849998474121094,98.26000213623047,1490.9000244140625,2.680999994277954,2.614000082015991,3007.389892578125
2019-09-16,69.0199966430664,62.900001525878906,98.6500015258789,1503.0999755859375,2.621000051498413,2.680999994277954,2997.9599609375
2019-09-17,64.55000305175781,59.34000015258789,98.26000213623047,1505.0999755859375,2.609499931335449,2.6679999828338623,3005.699951171875
2019-09-18,63.599998474121094,58.11000061035156,98.5999984741211,1507.5,2.5954999923706055,2.63700008392334,3006.72998046875
2019-09-19,64.4000015258789,58.130001068115234,98.2699966430664,1498.4000244140625,2.5910000801086426,2.5380001068115234,3006.7900390625
2019-09-20,64.27999877929688,58.09000015258789,98.51000213623047,1507.300048828125,2.5899999141693115,2.5339999198913574,2992.070068359375
2019-09-23,64.7699966430664,58.63999938964844,98.5999984741211,1523.699951171875,2.5945000648498535,2.5269999504089355,2991.780029296875
2019-09-24,63.099998474121094,57.290000915527344,98.33999633789062,1532.0999755859375,2.5894999504089355,2.503000020980835,2966.60009765625
2019-09-25,62.38999938964844,56.4900016784668,99.04000091552734,1504.5999755859375,2.5950000286102295,2.502000093460083,2984.8701171875
2019-09-26,62.7400016784668,56.40999984741211,99.20999908447266,1507.5,2.559999942779541,2.427999973297119,2977.6201171875
2019-09-27,61.90999984741211,55.90999984741211,99.11000061035156,1499.0999755859375,2.5829999446868896,2.4040000438690186,2961.7900390625
2019-09-30,60.779998779296875,54.06999969482422,99.37999725341797,1465.699951171875,2.564500093460083,2.3299999237060547,2976.739990234375
2019-10-01,58.88999938964844,53.619998931884766,99.12999725341797,1482.0,2.552000045776367,2.2829999923706055,2940.25
2019-10-02,57.689998626708984,52.63999938964844,99.04000091552734,1501.0,2.561500072479248,2.246999979019165,2887.610107421875
2019-10-03,57.709999084472656,52.45000076293945,98.86000061035156,1507.0999755859375,2.5455000400543213,2.3289999961853027,2910.6298828125
2019-10-04,58.369998931884766,52.810001373291016,98.80999755859375,1506.199951171875,2.555500030517578,2.3519999980926514,2952.010009765625
2019-10-07,58.349998474121094,52.75,98.98999786376953,1497.699951171875,2.572000026702881,2.302999973297119,2938.7900390625
2019-10-08,58.2400016784668,52.630001068115234,99.13999938964844,1497.199951171875,2.563499927520752,2.2880001068115234,2893.06005859375
2019-10-09,58.31999969482422,52.59000015258789,99.12000274658203,1506.0999755859375,2.562000036239624,2.2339999675750732,2919.39990234375
2019-10-10,59.099998474121094,53.54999923706055,98.70999908447266,1494.800048828125,2.6050000190734863,2.2179999351501465,2938.1298828125
2019-10-11,60.5099983215332,54.70000076293945,98.30000305175781,1482.699951171875,2.618499994277954,2.2139999866485596,2970.27001953125
2019-10-14,59.349998474121094,53.59000015258789,98.44999694824219,1491.699951171875,2.623500108718872,2.2799999713897705,2966.14990234375
2019-10-15,58.7400016784668,52.810001373291016,98.29000091552734,1477.5999755859375,2.6040000915527344,2.3389999866485596,2995.679931640625
2019-10-16,59.41999816894531,53.36000061035156,98.01000213623047,1488.0,2.5794999599456787,2.302999973297119,2989.68994140625
2019-10-17,59.90999984741211,53.93000030517578,97.61000061035156,1492.300048828125,2.5869998931884766,2.318000078201294,2997.949951171875
2019-10-18,59.41999816894531,53.779998779296875,97.27999877929688,1488.199951171875,2.625,2.319999933242798,2986.199951171875
2019-10-21,58.959999084472656,53.310001373291016,97.33000183105469,1482.4000244140625,2.634999990463257,2.23799991607666,3006.719970703125
2019-10-22,59.70000076293945,54.15999984741211,97.52999877929688,1481.699951171875,2.621999979019165,2.2720000743865967,2995.989990234375
2019-10-23,61.16999816894531,55.970001220703125,97.47000122070312,1489.9000244140625,2.6624999046325684,2.2820000648498535,3004.52001953125
2019-10-24,61.66999816894531,56.22999954223633,97.62999725341797,1498.9000244140625,2.6589999198913574,2.315999984741211,3010.2900390625
2019-10-25,62.02000045776367,56.65999984741211,97.83000183105469,1499.5,2.6665000915527344,2.299999952316284,3022.550048828125
2019-10-28,61.56999969482422,55.810001373291016,97.76000213623047,1490.0,2.672499895095825,2.446000099182129,3039.419921875
2019-10-29,61.59000015258789,55.540000915527344,97.69000244140625,1487.0,2.682499885559082,2.5969998836517334,3036.889892578125
2019-10-30,60.61000061035156,55.060001373291016,97.6500015258789,1493.199951171875,2.680500030517578,2.690999984741211,3046.77001953125
2019-10-31,60.22999954223633,54.18000030517578,97.3499984741211,1511.4000244140625,2.632999897003174,2.632999897003174,3037.56005859375
2019-11-01,61.689998626708984,56.20000076293945,97.23999786376953,1508.0,2.6510000228881836,2.7139999866485596,3066.909912109375
2019-11-04,62.130001068115234,56.540000915527344,97.51000213623047,1508.0,2.6670000553131104,2.821000099182129,3078.27001953125
2019-11-05,62.959999084472656,57.22999954223633,97.9800033569336,1480.800048828125,2.694999933242798,2.861999988555908,3074.6201171875
2019-11-06,61.7400016784668,56.349998474121094,97.94999694824219,1490.199951171875,2.6610000133514404,2.828000068664551,3076.780029296875
2019-11-07,62.290000915527344,57.150001525878906,98.13999938964844,1464.199951171875,2.7239999771118164,2.7720000743865967,3085.179931640625
2019-11-08,62.5099983215332,57.2400016784668,98.3499984741211,1461.300048828125,2.677999973297119,2.7890000343322754,3093.080078125
2019-11-11,62.18000030517578,56.86000061035156,98.19999694824219,1455.5,2.6600000858306885,2.63700008392334,3087.010009765625
2019-11-12,62.060001373291016,56.79999923706055,98.30999755859375,1452.0999755859375,2.6419999599456787,2.621000051498413,3091.840087890625
2019-11-13,62.369998931884766,57.119998931884766,98.37000274658203,1461.699951171875,2.6364998817443848,2.5999999046325684,3094.0400390625
2019-11-14,62.279998779296875,56.77000045776367,98.16000366210938,1471.800048828125,2.618499994277954,2.6470000743865967,3096.6298828125
2019-11-15,63.29999923706055,57.720001220703125,98.0,1467.300048828125,2.634999990463257,2.687999963760376,3120.4599609375
2019-11-18,62.439998626708984,57.04999923706055,97.79000091552734,1470.9000244140625,2.617500066757202,2.565999984741211,3122.030029296875
2019-11-19,60.90999984741211,55.209999084472656,97.86000061035156,1473.300048828125,2.6535000801086426,2.509999990463257,3120.179931640625
2019-11-20,62.400001525878906,57.11000061035156,97.93000030517578,1473.300048828125,2.6465001106262207,2.559000015258789,3108.4599609375
2019-11-21,63.970001220703125,58.58000183105469,97.98999786376953,1463.0999755859375,2.621000051498413,2.566999912261963,3103.5400390625
2019-11-22,63.38999938964844,57.77000045776367,98.2699966430664,1463.0999755859375,2.6475000381469727,2.6649999618530273,3110.2900390625
2019-11-25,63.650001525878906,58.0099983215332,98.31999969482422,1456.5999755859375,2.6475000381469727,2.5309998989105225,3133.639892578125
2019-11-26,64.2699966430664,58.40999984741211,98.25,1459.800048828125,2.674499988555908,2.4700000286102295,3140.52001953125
2019-11-27,64.05999755859375,58.11000061035156,98.41000366210938,1453.4000244140625,2.674499988555908,2.500999927520752,3153.6298828125
2019-11-29,62.43000030517578,55.16999816894531,98.2699966430664,1465.5999755859375,2.6419999599456787,2.2809998989105225,3140.97998046875
2019-12-02,60.91999816894531,55.959999084472656,97.86000061035156,1462.300048828125,2.632499933242798,2.3289999961853027,3113.8701171875
2019-12-03,60.81999969482422,56.099998474121094,97.73999786376953,1478.199951171875,2.6080000400543213,2.440999984741211,3093.199951171875
2019-12-04,63.0,58.43000030517578,97.6500015258789,1474.0,2.6440000534057617,2.3989999294281006,3112.760009765625
2019-12-05,63.38999938964844,58.43000030517578,97.41000366210938,1476.9000244140625,2.6484999656677246,2.427000045776367,3117.429931640625
2019-12-06,64.38999938964844,59.20000076293945,97.69999694824219,1459.0999755859375,2.7109999656677246,2.3340001106262207,3145.909912109375
2019-12-09,64.25,59.02000045776367,97.63999938964844,1459.300048828125,2.746500015258789,2.2320001125335693,3135.9599609375
2019-12-10,64.33999633789062,59.2400016784668,97.41000366210938,1462.5999755859375,2.755500078201294,2.2639999389648438,3132.52001953125
2019-12-11,63.720001220703125,58.7599983215332,97.16000366210938,1469.4000244140625,2.7825000286102295,2.243000030517578,3141.6298828125
2019-12-12,64.19999694824219,59.18000030517578,97.4000015258789,1466.699951171875,2.7894999980926514,2.328000068664551,3168.570068359375
2019-12-13,65.22000122070312,60.06999969482422,97.16999816894531,1475.5999755859375,2.7804999351501465,2.2960000038146973,3168.800048828125
2019-12-16,65.33999633789062,60.209999084472656,97.06999969482422,1475.0,2.820499897003174,2.3410000801086426,3191.449951171875
2019-12-17,66.0999984741211,60.939998626708984,97.20999908447266,1474.5999755859375,2.819499969482422,2.319000005722046,3192.52001953125
2019-12-18,66.16999816894531,60.93000030517578,97.41000366210938,1472.5999755859375,2.816999912261963,2.2860000133514404,3191.139892578125
2019-12-19,66.54000091552734,61.220001220703125,97.41999816894531,1478.199951171875,2.8315000534057617,2.2730000019073486,3205.3701171875
2019-12-20,66.13999938964844,60.439998626708984,97.70999908447266,1474.699951171875,2.811000108718872,2.328000068664551,3221.219970703125
2019-12-23,66.38999938964844,60.52000045776367,97.66000366210938,1482.5,2.816999912261963,2.2139999866485596,3224.010009765625
2019-12-24,67.19999694824219,61.11000061035156,97.6500015258789,1499.0999755859375,2.8385000228881836,2.171999931335449,3223.3798828125
2019-12-26,67.91999816894531,61.68000030517578,97.58999633789062,1509.300048828125,2.864500045776367,2.2939999103546143,3239.909912109375
2019-12-27,68.16000366210938,61.720001220703125,96.91999816894531,1513.800048828125,2.8364999294281006,2.1579999923706055,3240.02001953125
2019-12-30,68.44000244140625,61.68000030517578,96.73999786376953,1514.5,2.827500104904175,2.186000108718872,3221.2900390625
2019-12-31,66.0,61.060001373291016,96.38999938964844,1519.5,2.7939999103546143,2.188999891281128,3230.780029296875
2020-01-02,66.25,61.18000030517578,96.8499984741211,1524.5,2.8329999446868896,2.121999979019165,3257.85009765625
2020-01-03,68.5999984741211,63.04999923706055,96.83999633789062,1549.199951171875,2.7985000610351562,2.130000114440918,3234.85009765625
2020-01-06,68.91000366210938,63.27000045776367,96.66999816894531,1566.199951171875,2.80049991607666,2.134999990463257,3246.280029296875
2020-01-07,68.2699966430664,62.70000076293945,96.9800033569336,1571.800048828125,2.803999900817871,2.1619999408721924,3237.179931640625
2020-01-08,65.44000244140625,59.61000061035156,97.30000305175781,1557.4000244140625,2.819000005722046,2.1410000324249268,3253.050048828125
2020-01-09,65.37000274658203,59.560001373291016,97.44999694824219,1551.699951171875,2.810499906539917,2.1659998893737793,3274.699951171875
2020-01-10,64.9800033569336,59.040000915527344,97.36000061035156,1557.5,2.81850004196167,2.2019999027252197,3265.35009765625
2020-01-13,64.19999694824219,58.08000183105469,97.3499984741211,1548.4000244140625,2.8615000247955322,2.181999921798706,3288.1298828125
2020-01-14,64.48999786376953,58.22999954223633,97.37000274658203,1542.4000244140625,2.875999927520752,2.187000036239624,3283.14990234375
2020-01-15,64.0,57.810001373291016,97.2300033569336,1552.0999755859375,2.869999885559082,2.119999885559082,3289.2900390625
2020-01-16,64.62000274658203,58.52000045776367,97.31999969482422,1549.0,2.8519999980926514,2.0769999027252197,3316.81005859375
2020-01-17,64.8499984741211,58.540000915527344,97.61000061035156,1558.800048828125,2.8494999408721924,2.003000020980835,3329.6201171875
2020-01-21,64.58999633789062,58.34000015258789,97.52999877929688,1556.4000244140625,2.7985000610351562,1.8949999809265137,3320.7900390625
2020-01-22,63.209999084472656,56.7400016784668,97.52999877929688,1555.300048828125,2.7669999599456787,1.9049999713897705,3321.75
2020-01-23,62.040000915527344,55.59000015258789,97.69000244140625,1564.5999755859375,2.7260000705718994,1.9259999990463257,3325.5400390625
2020-01-24,60.689998626708984,54.189998626708984,97.8499984741211,1571.0999755859375,2.685499906539917,1.8930000066757202,3295.469970703125
2020-01-27,59.31999969482422,53.13999938964844,97.95999908447266,1576.800048828125,2.5964999198913574,1.9019999504089355,3243.6298828125
2020-01-28,59.5099983215332,53.47999954223633,98.0199966430664,1569.199951171875,2.5794999599456787,1.934000015258789,3276.239990234375
2020-01-29,59.810001373291016,53.33000183105469,97.98999786376953,1569.800048828125,2.553499937057495,1.8769999742507935,3273.39990234375
2020-01-30,58.290000915527344,52.13999938964844,97.87000274658203,1583.5,2.5234999656677246,1.8289999961853027,3283.659912109375
2020-01-31,58.15999984741211,51.560001373291016,97.38999938964844,1582.9000244140625,2.5199999809265137,1.840999960899353,3225.52001953125
2020-02-03,54.45000076293945,50.11000061035156,97.80000305175781,1577.199951171875,2.513000011444092,1.819000005722046,3248.919921875
2020-02-04,53.959999084472656,49.61000061035156,97.95999908447266,1550.4000244140625,2.547499895095825,1.871999979019165,3297.590087890625
2020-02-05,55.279998779296875,50.75,98.2699966430664,1557.800048828125,2.5789999961853027,1.8609999418258667,3334.68994140625
2020-02-06,54.93000030517578,50.95000076293945,98.5,1565.0999755859375,2.5985000133514404,1.8619999885559082,3345.780029296875
2020-02-07,54.470001220703125,50.31999969482422,98.68000030517578,1568.5999755859375,2.559000015258789,1.8580000400543213,3327.7099609375
2020-02-10,53.27000045776367,49.56999969482422,98.83000183105469,1574.699951171875,2.557499885559082,1.7660000324249268,3352.090087890625
2020-02-11,54.0099983215332,49.939998626708984,98.72000122070312,1565.5999755859375,2.5885000228881836,1.7879999876022339,3357.75
2020-02-12,55.790000915527344,51.16999816894531,99.05000305175781,1567.4000244140625,2.6059999465942383,1.843999981880188,3379.449951171875
2020-02-13,56.34000015258789,51.41999816894531,99.06999969482422,1575.0999755859375,2.619499921798706,1.8259999752044678,3373.93994140625
2020-02-14,57.31999969482422,52.04999923706055,99.12000274658203,1582.699951171875,2.6054999828338623,1.8370000123977661,3380.159912109375
2020-02-18,57.75,52.04999923706055,99.45999908447266,1600.0,2.609999895095825,1.9809999465942383,3370.2900390625
2020-02-19,59.119998931884766,53.290000915527344,99.5999984741211,1607.5,2.612499952316284,1.9550000429153442,3386.14990234375
2020-02-20,59.310001373291016,53.779998779296875,99.87000274658203,1616.5999755859375,2.5950000286102295,1.9199999570846558,3373.22998046875
2020-02-21,58.5,53.380001068115234,99.26000213623047,1644.5999755859375,2.618000030517578,1.9049999713897705,3337.75
2020-02-24,56.29999923706055,51.43000030517578,99.29000091552734,1672.4000244140625,2.5924999713897705,1.8270000219345093,3225.889892578125
2020-02-25,54.95000076293945,49.900001525878906,98.97000122070312,1646.9000244140625,2.5964999198913574,1.847000002861023,3128.2099609375
2020-02-26,53.43000030517578,48.72999954223633,99.0,1640.0,2.5764999389648438,1.8209999799728394,3116.389892578125
2020-02-27,52.18000030517578,47.09000015258789,98.44000244140625,1640.0,2.571500062942505,1.7519999742507935,2978.760009765625
2020-02-28,50.52000045776367,44.7599983215332,98.12999725341797,1564.0999755859375,2.5460000038146973,1.684000015258789,2954.219970703125
2020-03-02,51.900001525878906,46.75,97.36000061035156,1592.300048828125,2.6010000705718994,1.75600004196167,3090.22998046875
2020-03-03,51.86000061035156,47.18000030517578,97.1500015258789,1642.0999755859375,2.5794999599456787,1.7999999523162842,3003.3701171875
2020-03-04,51.130001068115234,46.779998779296875,97.33999633789062,1641.0999755859375,2.5929999351501465,1.8270000219345093,3130.1201171875
2020-03-05,49.9900016784668,45.900001525878906,96.81999969482422,1666.4000244140625,2.5824999809265137,1.7719999551773071,3023.93994140625
2020-03-06,45.27000045776367,41.279998779296875,95.94999694824219,1670.800048828125,2.572999954223633,1.7079999446868896,2972.3701171875
2020-03-09,34.36000061035156,31.1299991607666,94.9000015258789,1674.5,2.5239999294281006,1.777999997138977,2746.56005859375
2020-03-10,37.220001220703125,34.36000061035156,96.41000366210938,1659.0999755859375,2.5339999198913574,1.9359999895095825,2882.22998046875
2020-03-11,35.790000915527344,32.97999954223633,96.51000213623047,1641.4000244140625,2.51200008392334,1.878000020980835,2741.3798828125
2020-03-12,33.220001220703125,31.5,97.47000122070312,1589.300048828125,2.4809999465942383,1.840999960899353,2480.639892578125
2020-03-13,33.849998474121094,31.729999542236328,98.75,1515.699951171875,2.4739999771118164,1.86899995803833,2711.02001953125
2020-03-16,30.049999237060547,28.700000762939453,98.08999633789062,1485.9000244140625,2.3984999656677246,1.815000057220459,2386.1298828125
2020-03-17,28.729999542236328,26.950000762939453,99.58000183105469,1524.9000244140625,2.315500020980835,1.7289999723434448,2529.18994140625
2020-03-18,24.8799991607666,20.3700008392334,101.16000366210938,1477.300048828125,2.1605000495910645,1.6039999723434448,2398.10009765625
2020-03-19,28.469999313354492,25.219999313354492,102.76000213623047,1478.5999755859375,2.200000047683716,1.6540000438690186,2409.389892578125
2020-03-20,26.979999542236328,22.43000030517578,102.81999969482422,1484.0,2.190500020980835,1.6039999723434448,2304.919921875
2020-03-23,27.030000686645508,23.360000610351562,102.48999786376953,1567.0,2.119499921798706,1.6019999980926514,2237.39990234375
2020-03-24,27.149999618530273,24.010000228881836,101.73999786376953,1660.199951171875,2.197499990463257,1.652999997138977,2447.330078125
2020-03-25,27.389999389648438,24.489999771118164,101.05000305175781,1632.300048828125,2.2339999675750732,1.659000039100647,2475.56005859375
2020-03-26,26.34000015258789,22.600000381469727,99.41999816894531,1650.0999755859375,2.2079999446868896,1.6369999647140503,2630.070068359375
2020-03-27,24.93000030517578,21.510000228881836,98.37000274658203,1623.9000244140625,2.197000026702881,1.6339999437332153,2541.469970703125
2020-03-30,22.760000228881836,20.09000015258789,99.18000030517578,1622.0,2.1619999408721924,1.690000057220459,2626.64990234375
2020-03-31,22.739999771118164,20.479999542236328,99.05000305175781,1583.4000244140625,2.240000009536743,1.6399999856948853,2584.590087890625
2020-04-01,24.739999771118164,20.309999465942383,99.66999816894531,1578.199951171875,2.191999912261963,1.5870000123977661,2470.5
2020-04-02,29.940000534057617,25.31999969482422,100.18000030517578,1625.699951171875,2.2330000400543213,1.5520000457763672,2526.89990234375
2020-04-03,34.11000061035156,28.34000015258789,100.58000183105469,1633.699951171875,2.2100000381469727,1.621000051498413,2488.64990234375
2020-04-06,33.04999923706055,26.079999923706055,100.69000244140625,1677.0,2.234999895095825,1.7309999465942383,2663.679931640625
2020-04-07,31.8700008392334,23.6299991607666,99.9800033569336,1664.800048828125,2.2885000705718994,1.8519999980926514,2659.409912109375
2020-04-08,32.84000015258789,25.09000015258789,100.12000274658203,1665.4000244140625,2.2780001163482666,1.7829999923706055,2749.97998046875
2020-04-09,31.479999542236328,22.760000228881836,99.5199966430664,1736.199951171875,2.2774999141693115,1.7330000400543213,2789.820068359375
2020-04-13,31.739999771118164,22.40999984741211,99.3499984741211,1744.800048828125,2.320499897003174,1.7239999771118164,2761.6298828125
2020-04-14,29.600000381469727,20.110000610351562,98.88999938964844,1756.699951171875,2.3469998836517334,1.649999976158142,2846.06005859375
2020-04-15,27.690000534057617,19.8700008392334,99.45999908447266,1727.199951171875,2.3125,1.5980000495910645,2783.360107421875
2020-04-16,27.81999969482422,19.8700008392334,100.02999877929688,1720.4000244140625,2.304500102996826,1.6859999895095825,2799.550048828125
2020-04-17,28.079999923706055,18.270000457763672,99.77999877929688,1689.199951171875,2.3534998893737793,1.753000020980835,2874.56005859375
2020-04-20,25.56999969482422,-37.630001068115234,99.95999908447266,1701.5999755859375,2.3345000743865967,1.9240000247955322,2823.159912109375
2020-04-21,19.329999923706055,10.010000228881836,100.26000213623047,1678.199951171875,2.2669999599456787,1.8209999799728394,2736.56005859375
2020-04-22,20.3700008392334,13.779999732971191,100.38999938964844,1728.699951171875,2.317500114440918,1.9390000104904175,2799.31005859375
2020-04-23,21.329999923706055,16.5,100.43000030517578,1733.300048828125,2.3239998817443848,1.815000057220459,2797.800048828125
2020-04-24,21.440000534057617,16.940000534057617,100.37999725341797,1723.5,2.3480000495910645,1.746000051498413,2836.739990234375
2020-04-27,19.989999771118164,12.779999732971191,100.04000091552734,1711.9000244140625,2.381999969482422,1.819000005722046,2878.47998046875
2020-04-28,20.459999084472656,12.34000015258789,99.87000274658203,1710.5,2.378999948501587,1.7940000295639038,2863.389892578125
2020-04-29,22.540000915527344,15.0600004196167,99.56999969482422,1703.4000244140625,2.374500036239624,1.86899995803833,2939.510009765625
2020-04-30,25.270000457763672,18.84000015258789,99.0199966430664,1684.199951171875,2.3540000915527344,1.9490000009536743,2912.429931640625
2020-05-01,26.440000534057617,19.780000686645508,98.80000305175781,1694.5,2.31850004196167,1.8899999856948853,2830.7099609375
2020-05-04,27.200000762939453,20.389999389648438,99.4800033569336,1706.9000244140625,2.3239998817443848,1.9930000305175781,2842.739990234375
2020-05-05,30.969999313354492,24.559999465942383,99.70999908447266,1704.4000244140625,2.3410000801086426,2.134000062942505,2868.43994140625
2020-05-06,29.719999313354492,23.989999771118164,100.08999633789062,1684.199951171875,2.3524999618530273,1.944000005722046,2848.419921875
2020-05-07,29.459999084472656,23.549999237060547,99.88999938964844,1721.800048828125,2.385499954223633,1.8940000534057617,2881.18994140625
2020-05-08,30.969999313354492,24.739999771118164,99.7300033569336,1709.9000244140625,2.4084999561309814,1.8229999542236328,2929.800048828125
2020-05-11,29.6299991607666,24.139999389648438,100.23999786376953,1695.300048828125,2.381999969482422,1.8259999752044678,2930.18994140625
2020-05-12,29.979999542236328,25.780000686645508,99.93000030517578,1704.4000244140625,2.3605000972747803,1.7200000286102295,2870.1201171875
2020-05-13,29.190000534057617,25.290000915527344,100.23999786376953,1713.9000244140625,2.3489999771118164,1.6160000562667847,2820.0
2020-05-14,31.1299991607666,27.559999465942383,100.47000122070312,1738.0999755859375,2.3510000705718994,1.680999994277954,2852.5
2020-05-15,32.5,29.43000030517578,100.4000015258789,1753.4000244140625,2.3334999084472656,1.6460000276565552,2863.699951171875
2020-05-18,34.810001373291016,31.81999969482422,99.66999816894531,1731.800048828125,2.4049999713897705,1.7829999923706055,2953.909912109375
2020-05-19,34.650001525878906,32.5,99.37000274658203,1744.199951171875,2.4230000972747803,1.8300000429153442,2922.93994140625
2020-05-20,35.75,33.4900016784668,99.12000274658203,1750.5999755859375,2.4674999713897705,1.7710000276565552,2971.610107421875
2020-05-21,36.060001373291016,33.91999816894531,99.37000274658203,1720.5,2.4519999027252197,1.7100000381469727,2948.510009765625
2020-05-22,35.130001068115234,33.25,99.86000061035156,1734.5999755859375,2.4089999198913574,1.7309999465942383,2955.449951171875
2020-05-26,36.16999816894531,34.349998474121094,98.91000366210938,1704.800048828125,2.438499927520752,1.7929999828338623,2991.77001953125
2020-05-27,34.7400016784668,32.810001373291016,99.05999755859375,1710.300048828125,2.4024999141693115,1.722000002861023,3036.1298828125
2020-05-28,35.290000915527344,33.709999084472656,98.37999725341797,1713.300048828125,2.4130001068115234,1.8270000219345093,3029.72998046875
2020-05-29,35.33000183105469,35.4900016784668,98.33999633789062,1736.9000244140625,2.426500082015991,1.8489999771118164,3044.31005859375
2020-06-01,38.31999969482422,35.439998626708984,97.83000183105469,1737.800048828125,2.4744999408721924,1.7740000486373901,3055.72998046875
2020-06-02,39.56999969482422,36.810001373291016,97.66999816894531,1725.199951171875,2.494499921798706,1.7769999504089355,3080.820068359375
2020-06-03,39.790000915527344,37.290000915527344,97.27999877929688,1697.800048828125,2.496500015258789,1.8209999799728394,3122.8701171875
2020-06-04,39.9900016784668,37.40999984741211,96.68000030517578,1718.9000244140625,2.493000030517578,1.8220000267028809,3112.35009765625
2020-06-05,42.29999923706055,39.54999923706055,96.94000244140625,1676.199951171875,2.556999921798706,1.781999945640564,3193.929931640625
2020-06-08,40.79999923706055,38.189998626708984,96.62000274658203,1698.300048828125,2.569999933242798,1.7890000343322754,3232.389892578125
2020-06-09,41.18000030517578,38.939998626708984,96.31999969482422,1714.699951171875,2.6005001068115234,1.7669999599456787,3207.179931640625
2020-06-10,41.72999954223633,39.599998474121094,95.95999908447266,1713.300048828125,2.6570000648498535,1.7799999713897705,3190.139892578125
2020-06-11,38.54999923706055,36.34000015258789,96.7300033569336,1732.0,2.5864999294281006,1.812999963760376,3002.10009765625
2020-06-12,38.72999954223633,36.2599983215332,97.31999969482422,1729.300048828125,2.6015000343322754,1.7309999465942383,3041.31005859375
2020-06-15,39.720001220703125,37.119998931884766,96.68000030517578,1720.300048828125,2.56850004196167,1.6690000295639038,3066.590087890625
2020-06-16,40.959999084472656,38.380001068115234,96.95999908447266,1729.5999755859375,2.565999984741211,1.6139999628067017,3124.739990234375
2020-06-17,40.709999084472656,37.959999084472656,97.16000366210938,1729.199951171875,2.5920000076293945,1.6380000114440918,3113.489990234375
2020-06-18,41.5099983215332,38.84000015258789,97.41999816894531,1724.800048828125,2.5910000801086426,1.6380000114440918,3115.340087890625
2020-06-19,42.189998626708984,39.75,97.62000274658203,1745.9000244140625,2.615000009536743,1.6690000295639038,3097.739990234375
2020-06-22,43.08000183105469,40.459999084472656,97.04000091552734,1756.699951171875,2.6554999351501465,1.6640000343322754,3117.860107421875
2020-06-23,42.630001068115234,40.369998931884766,96.69000244140625,1772.0999755859375,2.6600000858306885,1.6369999647140503,3131.2900390625
2020-06-24,40.310001373291016,38.0099983215332,97.1500015258789,1765.800048828125,2.6505000591278076,1.597000002861023,3050.330078125
2020-06-25,41.04999923706055,38.720001220703125,97.43000030517578,1762.0999755859375,2.6624999046325684,1.4819999933242798,3083.760009765625
2020-06-26,41.02000045776367,38.4900016784668,97.5,1772.5,2.671999931335449,1.4950000047683716,3009.050048828125
2020-06-29,41.709999084472656,39.70000076293945,97.54000091552734,1774.800048828125,2.679500102996826,1.7089999914169312,3053.239990234375
2020-06-30,41.150001525878906,39.27000045776367,97.38999938964844,1793.0,2.7135000228881836,1.7510000467300415,3100.2900390625
2020-07-01,42.029998779296875,39.81999969482422,97.19999694824219,1773.199951171875,2.7170000076293945,1.6710000038146973,3115.860107421875
2020-07-02,43.13999938964844,40.650001525878906,97.31999969482422,1784.0,2.7335000038146973,1.7339999675750732,3130.010009765625
2020-07-06,43.099998474121094,40.630001068115234,96.79000091552734,1788.5,2.7660000324249268,1.8300000429153442,3179.719970703125
2020-07-07,43.08000183105469,40.619998931884766,96.87999725341797,1804.199951171875,2.7874999046325684,1.8760000467300415,3145.320068359375
2020-07-08,43.290000915527344,40.900001525878906,96.43000030517578,1815.5,2.814500093460083,1.8240000009536743,3169.93994140625
2020-07-09,42.349998474121094,39.619998931884766,96.69999694824219,1799.199951171875,2.828000068664551,1.7790000438690186,3152.050048828125
2020-07-10,43.2400016784668,40.54999923706055,96.6500015258789,1798.199951171875,2.88700008392334,1.8049999475479126,3185.0400390625
2020-07-13,42.720001220703125,40.099998474121094,96.45999908447266,1811.0,2.941999912261963,1.7389999628067017,3155.219970703125
2020-07-14,42.900001525878906,40.290000915527344,96.26000213623047,1810.5999755859375,2.9159998893737793,1.746000051498413,3197.52001953125
2020-07-15,43.790000915527344,41.20000076293945,96.08000183105469,1811.4000244140625,2.870500087738037,1.777999997138977,3226.56005859375
2020-07-16,43.369998931884766,40.75,96.3499984741211,1798.699951171875,2.885999917984009,1.7230000495910645,3215.570068359375
2020-07-17,43.13999938964844,40.59000015258789,95.94000244140625,1808.300048828125,2.887500047683716,1.718000054359436,3224.72998046875
2020-07-20,43.279998779296875,40.810001373291016,95.83000183105469,1815.9000244140625,2.8984999656677246,1.6410000324249268,3251.840087890625
2020-07-21,44.31999969482422,41.959999084472656,95.12000274658203,1842.4000244140625,2.940999984741211,1.6749999523162842,3257.300048828125
2020-07-22,44.290000915527344,41.900001525878906,94.97000122070312,1864.0999755859375,2.9084999561309814,1.680999994277954,3276.02001953125
2020-07-23,43.310001373291016,41.06999969482422,94.69000244140625,1889.0999755859375,2.924499988555908,1.784999966621399,3235.659912109375
2020-07-24,43.34000015258789,41.290000915527344,94.44000244140625,1897.300048828125,2.881999969482422,1.8079999685287476,3215.6298828125
2020-07-27,43.40999984741211,41.599998474121094,93.66999816894531,1931.0,2.888000011444092,1.7339999675750732,3239.409912109375
2020-07-28,43.220001220703125,41.040000915527344,93.76000213623047,1944.699951171875,2.9049999713897705,1.7999999523162842,3218.43994140625
2020-07-29,43.75,41.27000045776367,93.26000213623047,1953.5,2.9054999351501465,1.8539999723434448,3258.43994140625
2020-07-30,42.939998626708984,39.91999816894531,93.0199966430664,1942.300048828125,2.9045000076293945,1.8289999961853027,3246.219970703125
2020-07-31,43.29999923706055,40.27000045776367,93.48999786376953,1962.800048828125,2.8589999675750732,1.7990000247955322,3271.1201171875
2020-08-03,44.150001525878906,41.0099983215332,93.5,1966.0,2.9079999923706055,2.1010000705718994,3294.610107421875
2020-08-04,44.43000030517578,41.70000076293945,93.37999725341797,2001.199951171875,2.8894999027252197,2.193000078201294,3306.510009765625
2020-08-05,45.16999816894531,42.189998626708984,92.83000183105469,2031.0999755859375,2.9114999771118164,2.190999984741211,3327.77001953125
2020-08-06,45.09000015258789,41.95000076293945,92.79000091552734,2051.5,2.9054999351501465,2.1649999618530273,3349.159912109375
2020-08-07,44.400001525878906,41.220001220703125,93.44000244140625,2010.0999755859375,2.7904999256134033,2.23799991607666,3351.280029296875
2020-08-10,44.9900016784668,41.939998626708984,93.58000183105469,2024.4000244140625,2.8585000038146973,2.1530001163482666,3360.469970703125
2020-08-11,44.5,41.61000061035156,93.62999725341797,1932.5999755859375,2.871999979019165,2.1710000038146973,3333.68994140625
2020-08-12,45.43000030517578,42.66999816894531,93.44000244140625,1934.9000244140625,2.88700008392334,2.1519999504089355,3380.35009765625
2020-08-13,44.959999084472656,42.2400016784668,93.33999633789062,1956.699951171875,2.803999900817871,2.181999921798706,3373.429931640625
2020-08-14,44.79999923706055,42.0099983215332,93.0999984741211,1937.0,2.8559999465942383,2.3559999465942383,3372.85009765625
2020-08-17,45.369998931884766,42.88999938964844,92.8499984741211,1985.0,2.8980000019073486,2.3389999866485596,3381.989990234375
2020-08-18,45.459999084472656,42.88999938964844,92.2699966430664,1999.4000244140625,2.9709999561309814,2.4170000553131104,3389.780029296875
2020-08-19,45.369998931884766,42.93000030517578,92.88999938964844,1958.699951171875,3.0190000534057617,2.4260001182556152,3374.85009765625
2020-08-20,44.900001525878906,42.58000183105469,92.79000091552734,1933.800048828125,2.9700000286102295,2.3519999980926514,3385.510009765625
2020-08-21,44.349998474121094,42.34000015258789,93.25,1934.5999755859375,2.9135000705718994,2.447999954223633,3397.159912109375
2020-08-24,45.130001068115234,42.619998931884766,93.30000305175781,1927.699951171875,2.922499895095825,2.513000011444092,3431.280029296875
2020-08-25,45.86000061035156,43.349998474121094,93.0199966430664,1911.800048828125,2.930999994277954,2.489000082015991,3443.6201171875
2020-08-26,45.63999938964844,43.38999938964844,93.01000213623047,1940.699951171875,2.9595000743865967,2.4609999656677246,3478.72998046875
2020-08-27,45.09000015258789,43.040000915527344,93.01000213623047,1921.5999755859375,2.9649999141693115,2.5789999961853027,3484.550048828125
2020-08-28,45.04999923706055,42.970001220703125,92.37000274658203,1964.5999755859375,2.994999885559082,2.6570000648498535,3508.010009765625
2020-08-31,45.279998779296875,42.61000061035156,92.13999938964844,1967.5999755859375,3.0409998893737793,2.630000114440918,3500.31005859375
2020-09-01,45.58000183105469,42.7599983215332,92.33999633789062,1968.199951171875,3.009500026702881,2.5269999504089355,3526.64990234375
2020-09-02,44.43000030517578,41.5099983215332,92.8499984741211,1934.4000244140625,3.003000020980835,2.4860000610351562,3580.840087890625
2020-09-03,44.06999969482422,41.369998931884766,92.73999786376953,1927.5999755859375,2.9579999446868896,2.486999988555908,3455.06005859375
2020-09-04,42.65999984741211,39.77000045776367,92.72000122070312,1923.9000244140625,3.0464999675750732,2.5880000591278076,3426.9599609375
2020-09-08,39.779998779296875,36.7599983215332,93.4800033569336,1933.0,3.012500047683716,2.4000000953674316,3331.840087890625
2020-09-09,40.790000915527344,38.04999923706055,93.26000213623047,1944.699951171875,3.0399999618530273,2.4059998989105225,3398.9599609375
2020-09-10,40.060001373291016,37.29999923706055,93.33999633789062,1954.199951171875,2.986999988555908,2.322999954223633,3339.18994140625
2020-09-11,39.83000183105469,37.33000183105469,93.33000183105469,1937.800048828125,3.0339999198913574,2.2690000534057617,3340.969970703125
2020-09-14,39.61000061035156,37.2599983215332,93.06999969482422,1953.0999755859375,3.066499948501587,2.309999942779541,3383.5400390625
2020-09-15,40.529998779296875,38.279998779296875,93.05000305175781,1956.300048828125,3.062999963760376,2.361999988555908,3401.199951171875
2020-09-16,42.220001220703125,40.15999984741211,93.20999908447266,1960.199951171875,3.058000087738037,2.2669999599456787,3385.489990234375
2020-09-17,43.29999923706055,40.970001220703125,92.97000122070312,1940.0,3.066499948501587,2.0420000553131104,3357.010009765625
2020-09-18,43.150001525878906,41.11000061035156,92.93000030517578,1952.0999755859375,3.1135001182556152,2.0480000972747803,3319.469970703125
2020-09-21,41.439998626708984,39.310001373291016,93.54000091552734,1901.199951171875,3.0295000076293945,1.8350000381469727,3281.06005859375
2020-09-22,41.720001220703125,39.599998474121094,93.98999786376953,1898.5999755859375,3.059000015258789,1.8339999914169312,3315.570068359375
2020-09-23,41.77000045776367,39.93000030517578,94.38999938964844,1859.9000244140625,2.993499994277954,2.125,3236.919921875
2020-09-24,41.939998626708984,40.310001373291016,94.3499984741211,1868.300048828125,2.9690001010894775,2.247999906539917,3246.590087890625
2020-09-25,41.91999816894531,40.25,94.58000183105469,1857.699951171875,2.9730000495910645,2.1389999389648438,3298.4599609375
2020-09-28,42.43000030517578,40.599998474121094,94.26000213623047,1872.800048828125,2.989500045776367,2.1010000705718994,3351.60009765625
2020-09-29,41.029998779296875,39.290000915527344,93.88999938964844,1894.300048828125,2.9835000038146973,2.561000108718872,3335.469970703125
2020-09-30,40.95000076293945,40.220001220703125,93.88999938964844,1887.5,3.0285000801086426,2.5269999504089355,3363.0
2020-10-01,40.93000030517578,38.720001220703125,93.70999908447266,1908.4000244140625,2.8635001182556152,2.5269999504089355,3380.800048828125
2020-10-02,39.27000045776367,37.04999923706055,93.83999633789062,1900.199951171875,2.9784998893737793,2.437999963760376,3348.419921875
2020-10-05,41.290000915527344,39.220001220703125,93.51000213623047,1912.5,2.9649999141693115,2.615000009536743,3408.60009765625
2020-10-06,42.650001525878906,40.66999816894531,93.83000183105469,1901.0999755859375,2.9655001163482666,2.5199999809265137,3360.969970703125
2020-10-07,41.9900016784668,39.95000076293945,93.62999725341797,1883.5999755859375,3.0344998836517334,2.6059999465942383,3419.43994140625
2020-10-08,43.34000015258789,41.189998626708984,93.61000061035156,1888.5999755859375,3.0420000553131104,2.627000093460083,3446.830078125
2020-10-09,42.849998474121094,40.599998474121094,93.05999755859375,1919.5,3.0794999599456787,2.740999937057495,3477.139892578125
2020-10-12,41.720001220703125,39.43000030517578,93.06999969482422,1922.5,3.061000108718872,2.88100004196167,3534.219970703125
2020-10-13,42.45000076293945,40.20000076293945,93.52999877929688,1888.5,3.0425000190734863,2.8550000190734863,3511.929931640625
2020-10-14,43.31999969482422,41.040000915527344,93.37999725341797,1901.300048828125,3.047499895095825,2.635999917984009,3488.669921875
2020-10-15,43.15999984741211,40.959999084472656,93.86000061035156,1903.199951171875,3.0829999446868896,2.7750000953674316,3483.340087890625
2020-10-16,42.93000030517578,40.880001068115234,93.68000030517578,1900.800048828125,3.065000057220459,2.7730000019073486,3483.81005859375
2020-10-19,42.619998931884766,40.83000183105469,93.43000030517578,1906.4000244140625,3.0810000896453857,2.7950000762939453,3426.919921875
2020-10-20,43.15999984741211,41.459999084472656,93.06999969482422,1910.4000244140625,3.1435000896453857,2.9130001068115234,3443.1201171875
2020-10-21,41.72999954223633,40.029998779296875,92.61000061035156,1924.5999755859375,3.194499969482422,3.0230000019073486,3435.56005859375
2020-10-22,42.459999084472656,40.63999938964844,92.94999694824219,1901.0999755859375,3.1500000953674316,3.006999969482422,3453.489990234375
2020-10-23,41.77000045776367,39.849998474121094,92.7699966430664,1902.0,3.125499963760376,2.9709999561309814,3465.389892578125
2020-10-26,40.459999084472656,38.560001373291016,93.05000305175781,1902.699951171875,3.0885000228881836,3.0239999294281006,3400.969970703125
2020-10-27,41.20000076293945,39.56999969482422,92.94000244140625,1908.800048828125,3.0899999141693115,3.0190000534057617,3390.679931640625
2020-10-28,39.119998931884766,37.38999938964844,93.41000366210938,1876.199951171875,3.056999921798706,2.996000051498413,3271.030029296875
2020-10-29,37.650001525878906,36.16999816894531,93.95999908447266,1865.5999755859375,3.052000045776367,3.3010001182556152,3310.110107421875
2020-10-30,37.459999084472656,35.790000915527344,94.04000091552734,1877.4000244140625,3.0434999465942383,3.3540000915527344,3269.9599609375
2020-11-02,38.970001220703125,36.810001373291016,94.05000305175781,1890.4000244140625,3.073499917984009,3.24399995803833,3310.239990234375
2020-11-03,39.709999084472656,37.65999984741211,93.55000305175781,1908.5,3.0869998931884766,3.059000015258789,3369.159912109375
2020-11-04,41.22999954223633,39.150001525878906,93.41000366210938,1894.5999755859375,3.1010000705718994,3.0460000038146973,3443.43994140625
2020-11-05,40.93000030517578,38.790000915527344,92.52999877929688,1945.300048828125,3.1045000553131104,2.941999912261963,3510.449951171875
2020-11-06,39.45000076293945,37.13999938964844,92.2300033569336,1950.300048828125,3.1489999294281006,2.888000011444092,3509.43994140625
2020-11-09,42.400001525878906,40.290000915527344,92.7300033569336,1853.199951171875,3.1514999866485596,2.8589999675750732,3550.5
2020-11-10,43.61000061035156,41.36000061035156,92.75,1875.4000244140625,3.1505000591278076,2.9489998817443848,3545.530029296875
2020-11-11,43.79999923706055,41.45000076293945,93.04000091552734,1860.699951171875,3.128999948501587,3.0309998989105225,3572.659912109375
2020-11-12,43.529998779296875,41.119998931884766,92.95999908447266,1872.5999755859375,3.1429998874664307,2.9760000705718994,3537.010009765625
2020-11-13,42.779998779296875,40.130001068115234,92.76000213623047,1885.699951171875,3.17549991607666,2.994999885559082,3585.14990234375
2020-11-16,43.81999969482422,41.34000015258789,92.56999969482422,1887.300048828125,3.2200000286102295,2.697000026702881,3626.909912109375
2020-11-17,43.75,41.43000030517578,92.41999816894531,1884.5,3.196500062942505,2.691999912261963,3609.530029296875
2020-11-18,44.34000015258789,41.81999969482422,92.31999969482422,1873.5,3.197999954223633,2.7119998931884766,3567.7900390625
2020-11-19,44.20000076293945,41.7400016784668,92.29000091552734,1861.0999755859375,3.2035000324249268,2.5920000076293945,3581.8701171875
2020-11-20,44.959999084472656,42.150001525878906,92.38999938964844,1872.5999755859375,3.2934999465942383,2.6500000953674316,3557.5400390625
2020-11-23,46.060001373291016,43.060001373291016,92.51000213623047,1837.800048828125,3.259500026702881,2.7109999656677246,3577.590087890625
2020-11-24,47.86000061035156,44.90999984741211,92.2300033569336,1804.800048828125,3.299999952316284,2.7750000953674316,3635.409912109375
2020-11-25,48.61000061035156,45.709999084472656,91.98999786376953,1805.699951171875,3.312000036239624,2.8959999084472656,3629.64990234375
2020-11-27,48.18000030517578,45.529998779296875,91.79000091552734,1781.9000244140625,3.3994998931884766,2.8429999351501465,3638.35009765625
2020-11-30,47.59000015258789,45.34000015258789,91.87000274658203,1775.699951171875,3.4205000400543213,2.881999969482422,3621.6298828125
2020-12-01,47.41999816894531,44.54999923706055,91.30999755859375,1814.0999755859375,3.4679999351501465,2.880000114440918,3662.449951171875
2020-12-02,48.25,45.279998779296875,91.12000274658203,1825.699951171875,3.4749999046325684,2.7799999713897705,3669.010009765625
2020-12-03,48.709999084472656,45.63999938964844,90.70999908447266,1836.800048828125,3.4790000915527344,2.506999969482422,3666.719970703125
2020-12-04,49.25,46.2599983215332,90.69999694824219,1835.9000244140625,3.5139999389648438,2.575000047683716,3699.1201171875
2020-12-07,48.790000915527344,45.7599983215332,90.79000091552734,1861.800048828125,3.508500099182129,2.4059998989105225,3691.9599609375
2020-12-08,48.84000015258789,45.599998474121094,90.97000122070312,1870.800048828125,3.49399995803833,2.3989999294281006,3702.25
2020-12-09,48.86000061035156,45.52000045776367,91.08999633789062,1834.5999755859375,3.507999897003174,2.441999912261963,3672.820068359375
2020-12-10,50.25,46.779998779296875,90.79000091552734,1833.5999755859375,3.570499897003174,2.552999973297119,3668.10009765625
2020-12-11,49.970001220703125,46.56999969482422,90.9800033569336,1839.800048828125,3.5239999294281006,2.5910000801086426,3663.4599609375
2020-12-14,50.290000915527344,46.9900016784668,90.70999908447266,1828.699951171875,3.5220000743865967,2.681999921798706,3647.489990234375
2020-12-15,50.7599983215332,47.619998931884766,90.47000122070312,1852.300048828125,3.5380001068115234,2.681999921798706,3694.6201171875
2020-12-16,51.08000183105469,47.81999969482422,90.44999694824219,1856.0999755859375,3.553999900817871,2.677000045776367,3701.169921875
2020-12-17,51.5,48.36000061035156,89.81999969482422,1887.199951171875,3.5969998836517334,2.635999917984009,3722.47998046875
2020-12-18,52.2599983215332,49.099998474121094,90.0199966430664,1885.699951171875,3.628499984741211,2.700000047683716,3709.409912109375
2020-12-21,50.90999984741211,47.7400016784668,90.04000091552734,1879.199951171875,3.572999954223633,2.7049999237060547,3694.919921875
2020-12-22,50.08000183105469,47.02000045776367,90.6500015258789,1866.5999755859375,3.5179998874664307,2.7799999713897705,3687.260009765625
2020-12-23,51.20000076293945,48.119998931884766,90.41000366210938,1874.699951171875,3.552000045776367,2.6080000400543213,3690.010009765625
2020-12-24,51.290000915527344,48.22999954223633,90.33000183105469,1879.9000244140625,3.559999942779541,2.5179998874664307,3703.06005859375
2020-12-28,50.86000061035156,47.619998931884766,90.33999633789062,1877.199951171875,3.569999933242798,2.305000066757202,3735.360107421875
2020-12-29,51.09000015258789,48.0,90.01000213623047,1879.699951171875,3.552999973297119,2.4670000076293945,3727.0400390625
2020-12-30,51.34000015258789,48.400001525878906,89.62999725341797,1891.0,3.5429999828338623,2.421999931335449,3732.0400390625
2020-12-31,51.79999923706055,48.52000045776367,89.94000244140625,1893.0999755859375,3.5139999389648438,2.5390000343322754,3756.070068359375
2021-01-04,51.09000015258789,47.619998931884766,89.87999725341797,1944.699951171875,3.552999973297119,2.5810000896453857,3700.64990234375
2021-01-05,53.599998474121094,49.93000030517578,89.44000244140625,1952.699951171875,3.640500068664551,2.7019999027252197,3726.860107421875
2021-01-06,54.29999923706055,50.630001068115234,89.52999877929688,1906.9000244140625,3.6500000953674316,2.7160000801086426,3748.139892578125
2021-01-07,54.380001068115234,50.83000183105469,89.83000183105469,1912.300048828125,3.695499897003174,2.7290000915527344,3803.7900390625
2021-01-08,55.9900016784668,52.2400016784668,90.0999984741211,1834.0999755859375,3.6735000610351562,2.700000047683716,3824.679931640625
2021-01-11,55.65999984741211,52.25,90.54000091552734,1849.5999755859375,3.563999891281128,2.746999979019165,3799.610107421875
2021-01-12,56.58000183105469,53.209999084472656,90.05000305175781,1842.9000244140625,3.6050000190734863,2.753000020980835,3801.18994140625
2021-01-13,56.060001373291016,52.90999984741211,90.31999969482422,1853.5999755859375,3.617000102996826,2.7269999980926514,3809.840087890625
2021-01-14,56.41999816894531,53.56999969482422,90.23999786376953,1850.300048828125,3.6679999828338623,2.6659998893737793,3795.5400390625
2021-01-15,55.099998474121094,52.36000061035156,90.77999877929688,1829.300048828125,3.6029999256134033,2.736999988555908,3768.25
2021-01-19,55.900001525878906,52.97999954223633,90.5,1839.5,3.635999917984009,2.5460000038146973,3798.909912109375
2021-01-20,56.08000183105469,53.2400016784668,90.47000122070312,1865.9000244140625,3.6475000381469727,2.5390000343322754,3851.85009765625
2021-01-21,56.099998474121094,53.130001068115234,90.12999725341797,1865.300048828125,3.6554999351501465,2.490999937057495,3853.070068359375
2021-01-22,55.40999984741211,52.27000045776367,90.23999786376953,1855.699951171875,3.635499954223633,2.446000099182129,3841.469970703125
2021-01-25,55.880001068115234,52.77000045776367,90.38999938964844,1854.9000244140625,3.640500068664551,2.6019999980926514,3855.360107421875
2021-01-26,55.90999984741211,52.61000061035156,90.16999816894531,1850.699951171875,3.628000020980835,2.6559998989105225,3849.6201171875
2021-01-27,55.810001373291016,52.849998474121094,90.6500015258789,1844.9000244140625,3.571500062942505,2.759999990463257,3750.77001953125
2021-01-28,55.529998779296875,52.34000015258789,90.45999908447266,1837.9000244140625,3.5829999446868896,2.6640000343322754,3787.3798828125
2021-01-29,55.880001068115234,52.20000076293945,90.58000183105469,1847.300048828125,3.573499917984009,2.563999891281128,3714.239990234375
2021-02-01,56.349998474121094,53.54999923706055,91.0199966430664,1860.800048828125,3.562000036239624,2.8499999046325684,3773.860107421875
2021-02-02,57.459999084472656,54.7599983215332,91.19999694824219,1830.5,3.5390000343322754,2.8450000286102295,3826.31005859375
2021-02-03,58.459999084472656,55.689998626708984,91.12000274658203,1832.199951171875,3.5785000324249268,2.7890000343322754,3830.169921875
2021-02-04,58.84000015258789,56.22999954223633,91.52999877929688,1788.9000244140625,3.565999984741211,2.934999942779541,3871.739990234375
2021-02-05,59.34000015258789,56.849998474121094,91.04000091552734,1810.9000244140625,3.6389999389648438,2.86299991607666,3886.830078125
2021-02-08,60.560001373291016,57.970001220703125,90.93000030517578,1831.9000244140625,3.678999900817871,2.881999969482422,3915.590087890625
2021-02-09,61.09000015258789,58.36000061035156,90.44000244140625,1835.300048828125,3.7335000038146973,2.8350000381469727,3911.22998046875
2021-02-10,61.470001220703125,58.68000030517578,90.37000274658203,1840.5999755859375,3.7855000495910645,2.9110000133514404,3909.8798828125
2021-02-11,61.13999938964844,58.2400016784668,90.41999816894531,1824.9000244140625,3.7874999046325684,2.868000030517578,3916.3798828125
2021-02-12,62.43000030517578,59.470001220703125,90.4800033569336,1821.5999755859375,3.802000045776367,2.9119999408721924,3934.830078125
2021-02-16,63.349998474121094,60.04999923706055,90.51000213623047,1797.199951171875,3.8480000495910645,3.128999948501587,3932.590087890625
2021-02-17,64.33999633789062,61.13999938964844,90.94999694824219,1771.0999755859375,3.8359999656677246,3.2190001010894775,3931.330078125
2021-02-18,63.93000030517578,60.52000045776367,90.58999633789062,1773.4000244140625,3.9165000915527344,3.0820000171661377,3913.969970703125
2021-02-19,62.90999984741211,59.2400016784668,90.36000061035156,1775.800048828125,4.090000152587891,3.069000005722046,3906.7099609375
2021-02-22,65.23999786376953,61.4900016784668,90.01000213623047,1806.699951171875,4.152500152587891,2.953000068664551,3876.5
2021-02-23,65.37000274658203,61.66999816894531,90.16999816894531,1804.4000244140625,4.1875,2.878999948501587,3881.3701171875
2021-02-24,67.04000091552734,63.220001220703125,90.18000030517578,1796.4000244140625,4.301000118255615,2.8540000915527344,3925.429931640625
2021-02-25,66.87999725341797,63.529998779296875,90.12999725341797,1774.4000244140625,4.265999794006348,2.7769999504089355,3829.340087890625
2021-02-26,66.12999725341797,61.5,90.93000030517578,1728.0999755859375,4.0945000648498535,2.7709999084472656,3811.14990234375
2021-03-01,63.689998626708984,60.63999938964844,91.04000091552734,1722.5,4.119500160217285,2.7769999504089355,3901.820068359375
2021-03-02,62.70000076293945,59.75,90.79000091552734,1733.0999755859375,4.231500148773193,2.8389999866485596,3870.2900390625
2021-03-03,64.06999969482422,61.279998779296875,90.94999694824219,1715.300048828125,4.1529998779296875,2.815999984741211,3819.719970703125
2021-03-04,66.73999786376953,63.83000183105469,91.62999725341797,1700.199951171875,3.990999937057495,2.746000051498413,3768.469970703125
2021-03-05,69.36000061035156,66.08999633789062,91.9800033569336,1698.0,4.086999893188477,2.7009999752044678,3841.93994140625
2021-03-08,68.23999786376953,65.05000305175781,92.30999755859375,1677.699951171875,4.103499889373779,2.6640000343322754,3821.35009765625
2021-03-09,67.5199966430664,64.01000213623047,91.95999908447266,1716.5999755859375,4.019499778747559,2.6619999408721924,3875.43994140625
2021-03-10,67.9000015258789,64.44000244140625,91.79000091552734,1721.5,4.041999816894531,2.691999912261963,3898.81005859375
2021-03-11,69.62999725341797,66.0199966430664,91.41999816894531,1722.300048828125,4.14300012588501,2.6679999828338623,3939.340087890625
2021-03-12,69.22000122070312,65.61000061035156,91.68000030517578,1719.5,4.145500183105469,2.5999999046325684,3943.340087890625
2021-03-15,68.87999725341797,65.38999938964844,91.83000183105469,1728.9000244140625,4.146500110626221,2.4839999675750732,3968.93994140625
2021-03-16,68.38999938964844,64.80000305175781,91.87000274658203,1730.5999755859375,4.078999996185303,2.562000036239624,3962.7099609375
2021-03-17,68.0,64.5999984741211,91.4000015258789,1726.800048828125,4.127999782562256,2.5280001163482666,3974.1201171875
2021-03-18,63.279998779296875,60.0,91.8499984741211,1732.199951171875,4.117000102996826,2.4809999465942383,3915.4599609375
2021-03-19,64.52999877929688,61.41999816894531,91.91999816894531,1741.4000244140625,4.123499870300293,2.5350000858306885,3913.10009765625
2021-03-22,64.62000274658203,61.54999923706055,91.80000305175781,1737.800048828125,4.14900016784668,2.5820000171661377,3940.590087890625
2021-03-23,60.790000915527344,57.7599983215332,92.33999633789062,1724.699951171875,4.0879998207092285,2.507999897003174,3910.52001953125
2021-03-24,64.41000366210938,61.18000030517578,92.52999877929688,1732.9000244140625,4.071499824523926,2.5179998874664307,3889.139892578125
2021-03-25,61.95000076293945,58.560001373291016,92.87999725341797,1724.9000244140625,3.984999895095825,2.569999933242798,3909.52001953125
2021-03-26,64.56999969482422,60.970001220703125,92.7699966430664,1732.199951171875,4.078499794006348,2.556999921798706,3974.5400390625
2021-03-29,64.9800033569336,61.560001373291016,92.94000244140625,1712.0999755859375,4.043000221252441,2.5859999656677246,3971.090087890625
2021-03-30,64.13999938964844,60.54999923706055,93.30000305175781,1683.9000244140625,3.9830000400543213,2.622999906539917,3958.550048828125
2021-03-31,63.540000915527344,59.15999984741211,93.2300033569336,1713.800048828125,4.002999782562256,2.6080000400543213,3972.889892578125
2021-04-01,64.86000061035156,61.45000076293945,92.93000030517578,1726.5,4.003499984741211,2.6389999389648438,4019.8701171875
2021-04-05,62.150001525878906,58.650001525878906,92.5999984741211,1727.0,4.14900016784668,2.510999917984009,4077.909912109375
2021-04-06,62.7400016784668,59.33000183105469,92.33999633789062,1741.5,4.126500129699707,2.4560000896453857,4073.93994140625
2021-04-07,63.15999984741211,59.77000045776367,92.45999908447266,1740.0999755859375,4.064000129699707,2.5199999809265137,4079.949951171875
2021-04-08,63.20000076293945,59.599998474121094,92.05999755859375,1756.800048828125,4.103499889373779,2.5220000743865967,4097.169921875
2021-04-09,62.95000076293945,59.31999969482422,92.16000366210938,1743.300048828125,4.05049991607666,2.5260000228881836,4128.7998046875
2021-04-12,63.279998779296875,59.70000076293945,92.13999938964844,1731.199951171875,4.03000020980835,2.561000108718872,4127.990234375
2021-04-13,63.66999816894531,60.18000030517578,91.8499984741211,1746.199951171875,4.043000221252441,2.61899995803833,4141.58984375
2021-04-14,66.58000183105469,63.150001525878906,91.69000244140625,1734.9000244140625,4.139999866485596,2.618000030517578,4124.66015625
2021-04-15,66.94000244140625,63.459999084472656,91.66999816894531,1765.4000244140625,4.230500221252441,2.6579999923706055,4170.419921875
2021-04-16,66.7699966430664,63.130001068115234,91.55999755859375,1779.0,4.179999828338623,2.680000066757202,4185.47021484375
2021-04-19,67.05000305175781,63.380001068115234,91.06999969482422,1769.4000244140625,4.25,2.749000072479248,4163.259765625
2021-04-20,66.56999969482422,62.439998626708984,91.23999786376953,1777.300048828125,4.223999977111816,2.7269999980926514,4134.93994140625
2021-04-21,65.31999969482422,61.349998474121094,91.16000366210938,1792.300048828125,4.286499977111816,2.691999912261963,4173.419921875
2021-04-22,65.4000015258789,61.43000030517578,91.33000183105469,1781.199951171875,4.2804999351501465,2.749000072479248,4134.97998046875
2021-04-23,66.11000061035156,62.13999938964844,90.86000061035156,1777.0,4.3429999351501465,2.7300000190734863,4180.169921875
2021-04-26,65.6500015258789,61.90999984741211,90.80999755859375,1779.199951171875,4.447999954223633,2.7899999618530273,4187.6201171875
2021-04-27,66.41999816894531,62.939998626708984,90.91000366210938,1778.0,4.743000030517578,2.872999906539917,4186.72021484375
2021-04-28,67.2699966430664,63.86000061035156,90.61000061035156,1773.199951171875,4.5370001792907715,2.924999952316284,4183.18017578125
2021-04-29,68.55999755859375,65.01000213623047,90.61000061035156,1768.0999755859375,4.493000030517578,2.9110000133514404,4211.47021484375
2021-04-30,67.25,63.58000183105469,91.27999877929688,1767.300048828125,4.479000091552734,2.930999994277954,4181.169921875
2021-05-03,67.55999755859375,64.48999786376953,90.94999694824219,1791.4000244140625,4.543000221252441,2.9660000801086426,4192.66015625
2021-05-04,68.87999725341797,65.69000244140625,91.29000091552734,1775.800048828125,4.535999774932861,2.9670000076293945,4164.66015625
2021-05-05,68.95999908447266,65.62999725341797,91.30999755859375,1784.0999755859375,4.539000034332275,2.937999963760376,4167.58984375
2021-05-06,68.08999633789062,64.70999908447266,90.94999694824219,1815.5,4.61899995803833,2.927999973297119,4201.6201171875
2021-05-07,68.27999877929688,64.9000015258789,90.2300033569336,1831.0999755859375,4.765999794006348,2.9579999446868896,4232.60009765625
2021-05-10,68.31999969482422,64.91999816894531,90.20999908447266,1837.5,4.733500003814697,2.931999921798706,4188.43017578125
2021-05-11,68.55000305175781,65.27999877929688,90.13999938964844,1835.9000244140625,4.778500080108643,2.9549999237060547,4152.10009765625
2021-05-12,69.31999969482422,66.08000183105469,90.70999908447266,1822.5999755859375,4.752500057220459,2.9690001010894775,4063.0400390625
2021-05-13,67.05000305175781,63.81999969482422,90.75,1823.800048828125,4.70550012588501,2.9730000495910645,4112.5
2021-05-14,68.70999908447266,65.37000274658203,90.31999969482422,1837.9000244140625,4.664000034332275,2.9609999656677246,4173.85009765625
2021-05-17,69.45999908447266,66.2699966430664,90.22000122070312,1867.5,4.721499919891357,3.1089999675750732,4163.2900390625
2021-05-18,68.70999908447266,65.48999786376953,89.75,1867.800048828125,4.735499858856201,3.01200008392334,4127.830078125
2021-05-19,66.66000366210938,63.36000061035156,90.19000244140625,1881.300048828125,4.5894999504089355,2.9639999866485596,4115.68017578125
2021-05-20,65.11000061035156,62.04999923706055,89.80999755859375,1881.800048828125,4.581999778747559,2.924999952316284,4159.1201171875
2021-05-21,66.44000244140625,63.58000183105469,90.0199966430664,1876.699951171875,4.495999813079834,2.9059998989105225,4155.85986328125
2021-05-24,68.45999908447266,66.05000305175781,89.83000183105469,1884.5999755859375,4.541500091552734,2.885999917984009,4197.0498046875
2021-05-25,68.6500015258789,66.06999969482422,89.63999938964844,1898.0999755859375,4.521999835968018,2.9130001068115234,4188.1298828125
2021-05-26,68.87000274658203,66.20999908447266,90.04000091552734,1901.300048828125,4.5329999923706055,2.9839999675750732,4195.990234375
2021-05-27,69.45999908447266,66.8499984741211,89.97000122070312,1895.699951171875,4.666500091552734,2.9579999446868896,4200.8798828125
2021-05-28,69.62999725341797,66.31999969482422,90.02999877929688,1902.5,4.682499885559082,2.9860000610351562,4204.10986328125
2021-06-01,70.25,67.72000122070312,89.83000183105469,1902.9000244140625,4.6620001792907715,3.1040000915527344,4202.0400390625
2021-06-02,71.3499984741211,68.83000183105469,89.9000015258789,1907.5,4.599999904632568,3.075000047683716,4208.1201171875
2021-06-03,71.30999755859375,68.80999755859375,90.5,1871.199951171875,4.471499919891357,3.0409998893737793,4192.85009765625
2021-06-04,71.88999938964844,69.62000274658203,90.13999938964844,1889.800048828125,4.537499904632568,3.0969998836517334,4229.89013671875
2021-06-07,71.48999786376953,69.2300033569336,89.94999694824219,1896.800048828125,4.534999847412109,3.069999933242798,4226.52001953125
2021-06-08,72.22000122070312,70.05000305175781,90.08000183105469,1892.199951171875,4.563000202178955,3.128000020980835,4227.259765625
2021-06-09,72.22000122070312,69.95999908447266,90.12000274658203,1893.199951171875,4.536499977111816,3.128999948501587,4219.5498046875
2021-06-10,72.5199966430664,70.29000091552734,90.08000183105469,1894.199951171875,4.489999771118164,3.1489999294281006,4239.18017578125
2021-06-11,72.69000244140625,70.91000366210938,90.55999755859375,1877.4000244140625,4.541500091552734,3.2960000038146973,4247.43994140625
2021-06-14,72.86000061035156,70.87999725341797,90.5199966430664,1864.0,4.5320000648498535,3.3519999980926514,4255.14990234375
2021-06-15,73.98999786376953,72.12000274658203,90.54000091552734,1854.5,4.340000152587891,3.240000009536743,4246.58984375
2021-06-16,74.38999938964844,72.1500015258789,91.12999725341797,1859.5,4.392499923706055,3.250999927520752,4223.7001953125
2021-06-17,73.08000183105469,71.04000091552734,91.88999938964844,1773.800048828125,4.184500217437744,3.253000020980835,4221.85986328125
2021-06-18,73.51000213623047,71.63999938964844,92.2300033569336,1767.9000244140625,4.162499904632568,3.2149999141693115,4166.4501953125
2021-06-21,74.9000015258789,73.66000366210938,91.86000061035156,1781.800048828125,4.1875,3.190999984741211,4224.7900390625
2021-06-22,74.80999755859375,73.05999755859375,91.7300033569336,1776.300048828125,4.234499931335449,3.257999897003174,4246.43994140625
2021-06-23,75.19000244140625,73.08000183105469,91.80000305175781,1782.300048828125,4.330999851226807,3.3329999446868896,4241.83984375
2021-06-24,75.55999755859375,73.30000305175781,91.81999969482422,1775.5999755859375,4.311500072479248,3.4179999828338623,4266.490234375
2021-06-25,76.18000030517578,74.05000305175781,91.80999755859375,1776.5999755859375,4.298999786376953,3.496000051498413,4280.7001953125
2021-06-28,74.68000030517578,72.91000366210938,91.87999725341797,1779.5999755859375,4.2779998779296875,3.617000102996826,4290.60986328125
2021-06-29,74.76000213623047,72.9800033569336,92.05000305175781,1762.800048828125,4.276500225067139,3.630000114440918,4291.7998046875
2021-06-30,75.12999725341797,73.47000122070312,92.44000244140625,1770.800048828125,4.296500205993652,3.6500000953674316,4297.5
2021-07-01,75.83999633789062,75.2300033569336,92.5999984741211,1775.9000244140625,4.242000102996826,3.6610000133514404,4319.93994140625
2021-07-02,76.16999816894531,75.16000366210938,92.2300033569336,1782.5999755859375,4.2820000648498535,3.700000047683716,4352.33984375
2021-07-06,74.52999877929688,73.37000274658203,92.55000305175781,1793.5,4.257999897003174,3.63700008392334,4343.5400390625
2021-07-07,73.43000030517578,72.19999694824219,92.63999938964844,1801.5,4.328999996185303,3.5959999561309814,4358.1298828125
2021-07-08,74.12000274658203,72.94000244140625,92.36000061035156,1799.5999755859375,4.271500110626221,3.687999963760376,4320.81982421875
2021-07-09,75.55000305175781,74.55999755859375,92.12999725341797,1810.0,4.352499961853027,3.6740000247955322,4369.5498046875
2021-07-12,75.16000366210938,74.0999984741211,92.2300033569336,1805.5,4.322999954223633,3.749000072479248,4384.6298828125
2021-07-13,76.48999786376953,75.25,92.75,1809.4000244140625,4.314499855041504,3.696000099182129,4369.2099609375
2021-07-14,74.76000213623047,73.12999725341797,92.41000366210938,1824.300048828125,4.2769999504089355,3.6600000858306885,4374.2998046875
2021-07-15,73.47000122070312,71.6500015258789,92.62000274658203,1828.4000244140625,4.333000183105469,3.614000082015991,4360.02978515625
2021-07-16,73.58999633789062,71.80999755859375,92.69000244140625,1814.5,4.332499980926514,3.6740000247955322,4327.16015625
2021-07-19,68.62000274658203,66.41999816894531,92.88999938964844,1808.699951171875,4.2104997634887695,3.7790000438690186,4258.490234375
2021-07-20,69.3499984741211,67.41999816894531,92.97000122070312,1810.9000244140625,4.273499965667725,3.875999927520752,4323.06005859375
2021-07-21,72.2300033569336,70.30000305175781,92.75,1802.9000244140625,4.28249979019165,3.9590001106262207,4358.68994140625
2021-07-22,73.79000091552734,71.91000366210938,92.81999969482422,1805.0,4.3480000495910645,4.002999782562256,4367.47998046875
2021-07-23,74.0999984741211,72.06999969482422,92.91000366210938,1801.4000244140625,4.406499862670898,4.059999942779541,4411.7900390625
2021-07-26,74.5,71.91000366210938,92.6500015258789,1798.699951171875,4.589000225067139,4.1020002365112305,4422.2998046875
2021-07-27,74.4800033569336,71.6500015258789,92.43000030517578,1799.5,4.546000003814697,3.9709999561309814,4401.4599609375
2021-07-28,74.73999786376953,72.38999938964844,92.31999969482422,1799.5,4.479000091552734,4.044000148773193,4400.64013671875
2021-07-29,76.05000305175781,73.62000274658203,91.86000061035156,1831.199951171875,4.519999980926514,4.059000015258789,4419.14990234375
2021-07-30,76.33000183105469,73.94999694824219,92.16999816894531,1812.5999755859375,4.480500221252441,3.9140000343322754,4395.259765625
2021-08-02,72.88999938964844,71.26000213623047,92.05000305175781,1818.0999755859375,4.432000160217285,3.934999942779541,4387.16015625
2021-08-03,72.41000366210938,70.55999755859375,92.08000183105469,1810.0999755859375,4.382999897003174,4.0269999504089355,4423.14990234375
2021-08-04,70.37999725341797,68.1500015258789,92.2699966430664,1810.5,4.329999923706055,4.1579999923706055,4402.66015625
2021-08-05,71.29000091552734,69.08999633789062,92.23999786376953,1805.0999755859375,4.3454999923706055,4.139999866485596,4429.10009765625
2021-08-06,70.69999694824219,68.27999877929688,92.80000305175781,1760.0,4.3454999923706055,4.139999866485596,4436.52001953125
2021-08-09,69.04000091552734,66.4800033569336,92.94999694824219,1723.4000244140625,4.2870001792907715,4.059999942779541,4432.35009765625
2021-08-10,70.62999725341797,68.29000091552734,93.05999755859375,1728.800048828125,4.351500034332275,4.089000225067139,4436.75
2021-08-11,71.44000244140625,69.25,92.91000366210938,1750.4000244140625,4.363999843597412,4.059000015258789,4442.41015625
2021-08-12,71.30999755859375,69.08999633789062,93.04000091552734,1749.0,4.355999946594238,3.933000087738037,4460.830078125
2021-08-13,70.58999633789062,68.44000244140625,92.5199966430664,1775.199951171875,4.38700008392334,3.8610000610351562,4468.0
2021-08-16,69.51000213623047,67.29000091552734,92.62999725341797,1786.9000244140625,4.322000026702881,3.946000099182129,4479.7099609375
2021-08-17,69.02999877929688,66.58999633789062,93.12999725341797,1785.0,4.199999809265137,3.8369998931884766,4448.080078125
2021-08-18,68.2300033569336,65.45999908447266,93.13999938964844,1781.5999755859375,4.116000175476074,3.8519999980926514,4400.27001953125
2021-08-19,66.44999694824219,63.689998626708984,93.56999969482422,1780.199951171875,4.03849983215332,3.8299999237060547,4405.7998046875
2021-08-20,65.18000030517578,62.31999969482422,93.5,1781.0,4.134500026702881,3.8510000705718994,4441.669921875
2021-08-23,68.75,65.63999938964844,92.95999908447266,1803.199951171875,4.234499931335449,3.944999933242798,4479.52978515625
2021-08-24,71.05000305175781,67.54000091552734,92.88999938964844,1805.5999755859375,4.255000114440918,3.8959999084472656,4486.22998046875
2021-08-25,72.25,68.36000061035156,92.83000183105469,1788.199951171875,4.264999866485596,3.8970000743865967,4496.18994140625
2021-08-26,71.06999969482422,67.41999816894531,93.05999755859375,1792.199951171875,4.245999813079834,4.184000015258789,4470.0
2021-08-27,72.69999694824219,68.73999786376953,92.69000244140625,1816.5999755859375,4.316500186920166,4.369999885559082,4509.3701171875
2021-08-30,73.41000366210938,69.20999908447266,92.6500015258789,1809.0,4.361000061035156,4.304999828338623,4528.7900390625
2021-08-31,72.98999786376953,68.5,92.62999725341797,1815.0,4.360000133514404,4.376999855041504,4522.68017578125
2021-09-01,71.58999633789062,68.58999633789062,92.44999694824219,1813.0999755859375,4.263000011444092,4.614999771118164,4524.08984375
2021-09-02,73.02999877929688,69.98999786376953,92.2300033569336,1808.699951171875,4.289999961853027,4.640999794006348,4536.9501953125
2021-09-03,72.61000061035156,69.29000091552734,92.04000091552734,1830.9000244140625,4.325500011444092,4.711999893188477,4535.43017578125
2021-09-07,71.69000244140625,68.3499984741211,92.5199966430664,1795.9000244140625,4.277500152587891,4.567999839782715,4520.02978515625
2021-09-08,72.5999984741211,69.30000305175781,92.6500015258789,1790.699951171875,4.23199987411499,4.914000034332275,4514.06982421875
2021-09-09,71.44999694824219,68.13999938964844,92.4800033569336,1797.4000244140625,4.2835001945495605,5.031000137329102,4493.27978515625
2021-09-10,72.91999816894531,69.72000122070312,92.58000183105469,1789.5999755859375,4.447999954223633,4.938000202178955,4458.580078125
2021-09-13,73.51000213623047,70.44999694824219,92.62000274658203,1792.0,4.363500118255615,5.230999946594238,4468.72998046875
2021-09-14,73.5999984741211,70.45999908447266,92.6500015258789,1804.699951171875,4.317999839782715,5.260000228881836,4443.0498046875
2021-09-15,75.45999908447266,72.61000061035156,92.48999786376953,1792.4000244140625,4.403500080108643,5.460000038146973,4480.7001953125
2021-09-16,75.66999816894531,72.61000061035156,92.86000061035156,1754.5999755859375,4.278500080108643,5.335000038146973,4473.75
2021-09-17,75.33999633789062,71.97000122070312,93.19999694824219,1749.4000244140625,4.245500087738037,5.105000019073486,4432.990234375
2021-09-20,73.91999816894531,70.29000091552734,93.23999786376953,1761.800048828125,4.117000102996826,4.985000133514404,4357.72998046875
2021-09-21,74.36000061035156,70.55999755859375,93.19999694824219,1776.0,4.127999782562256,4.804999828338623,4354.18994140625
2021-09-22,76.19000244140625,72.2300033569336,93.45999908447266,1776.699951171875,4.252500057220459,4.804999828338623,4395.64013671875
2021-09-23,77.25,73.30000305175781,93.0999984741211,1747.699951171875,4.230999946594238,4.97599983215332,4448.97998046875
2021-09-24,78.08999633789062,73.9800033569336,93.33000183105469,1749.699951171875,4.287499904632568,5.139999866485596,4455.47998046875
2021-09-27,79.52999877929688,75.44999694824219,93.37999725341797,1750.0,4.293499946594238,5.705999851226807,4443.10986328125
2021-09-28,79.08999633789062,75.29000091552734,93.7699966430664,1735.800048828125,4.244999885559082,5.841000080108643,4352.6298828125
2021-09-29,78.63999938964844,74.83000183105469,94.33999633789062,1721.5,4.199999809265137,5.4770002365112305,4359.4599609375
2021-09-30,78.5199966430664,75.02999877929688,94.25,1755.300048828125,4.090000152587891,5.867000102996826,4307.5400390625
2021-10-01,79.27999877929688,75.87999725341797,94.04000091552734,1757.0,4.19350004196167,5.61899995803833,4357.0400390625
2021-10-04,81.26000213623047,77.62000274658203,93.80999755859375,1766.199951171875,4.246500015258789,5.765999794006348,4300.4599609375
2021-10-05,82.55999755859375,78.93000030517578,93.9800033569336,1759.5999755859375,4.202000141143799,6.311999797821045,4345.72021484375
2021-10-06,81.08000183105469,77.43000030517578,94.2699966430664,1760.5,4.1570000648498535,5.675000190734863,4363.5498046875
2021-10-07,81.94999694824219,78.30000305175781,94.22000122070312,1757.9000244140625,4.250999927520752,5.677000045776367,4399.759765625
2021-10-08,82.38999938964844,79.3499984741211,94.06999969482422,1756.300048828125,4.2829999923706055,5.565000057220459,4391.33984375
2021-10-11,83.6500015258789,80.5199966430664,94.31999969482422,1754.5999755859375,4.374499797821045,5.34499979019165,4361.18994140625
2021-10-12,83.41999816894531,80.63999938964844,94.5199966430664,1758.300048828125,4.328999996185303,5.505000114440918,4350.64990234375
2021-10-13,83.18000030517578,80.44000244140625,94.08000183105469,1793.699951171875,4.520500183105469,5.590000152587891,4363.7998046875
2021-10-14,84.0,81.30999755859375,93.95999908447266,1796.699951171875,4.631499767303467,5.686999797821045,4438.259765625
2021-10-15,84.86000061035156,82.27999877929688,93.94000244140625,1767.199951171875,4.734000205993652,5.409999847412109,4471.3701171875
2021-10-18,84.33000183105469,82.44000244140625,93.94999694824219,1764.800048828125,4.730500221252441,4.988999843597412,4486.4599609375
2021-10-19,85.08000183105469,82.95999908447266,93.79000091552734,1769.699951171875,4.714000225067139,5.0879998207092285,4519.6298828125
2021-10-20,85.81999969482422,83.87000274658203,93.55999755859375,1784.0999755859375,4.75600004196167,5.170000076293945,4536.18994140625
2021-10-21,84.61000061035156,82.5,93.7699966430664,1781.199951171875,4.58650016784668,5.114999771118164,4549.77978515625
2021-10-22,85.52999877929688,83.76000213623047,93.61000061035156,1795.5,4.526000022888184,5.28000020980835,4544.89990234375
2021-10-25,85.98999786376953,83.76000213623047,93.80999755859375,1806.0,4.551499843597412,5.8979997634887695,4566.47998046875
2021-10-26,86.4000015258789,84.6500015258789,93.94999694824219,1792.699951171875,4.486499786376953,5.881999969482422,4574.7900390625
2021-10-27,84.58000183105469,82.66000366210938,93.86000061035156,1797.9000244140625,4.38700008392334,6.202000141143799,4551.68017578125
2021-10-28,84.31999969482422,82.80999755859375,93.3499984741211,1801.5999755859375,4.4375,5.7820000648498535,4596.419921875
2021-10-29,84.37999725341797,83.56999969482422,94.12000274658203,1783.0,4.375500202178955,5.426000118255615,4605.3798828125
2021-11-01,84.70999908447266,84.05000305175781,93.87999725341797,1795.0999755859375,4.4019999504089355,5.185999870300293,4613.669921875
2021-11-02,84.72000122070312,83.91000366210938,94.08999633789062,1788.699951171875,4.374000072479248,5.541999816894531,4630.64990234375
2021-11-03,81.98999786376953,80.86000061035156,93.86000061035156,1763.5999755859375,4.326000213623047,5.670000076293945,4660.56982421875
2021-11-04,80.54000091552734,78.80999755859375,94.3499984741211,1793.0,4.326000213623047,5.716000080108643,4680.06005859375
2021-11-05,82.73999786376953,81.2699966430664,94.31999969482422,1816.4000244140625,4.348999977111816,5.515999794006348,4697.52978515625
2021-11-08,83.43000030517578,81.93000030517578,94.05000305175781,1827.4000244140625,4.40500020980835,5.427000045776367,4701.7001953125
2021-11-09,84.77999877929688,84.1500015258789,93.95999908447266,1830.199951171875,4.380000114440918,4.979000091552734,4685.25
2021-11-10,82.63999938964844,81.33999633789062,94.8499984741211,1847.5999755859375,4.328000068664551,4.880000114440918,4646.7099609375
2021-11-11,82.87000274658203,81.58999633789062,95.18000030517578,1863.199951171875,4.4045000076293945,5.14900016784668,4649.27001953125
2021-11-12,82.16999816894531,80.79000091552734,95.12999725341797,1867.9000244140625,4.45550012588501,4.790999889373779,4682.85009765625
2021-11-15,82.05000305175781,80.87999725341797,95.41000366210938,1866.0999755859375,4.4070000648498535,5.017000198364258,4682.7998046875
2021-11-16,82.43000030517578,80.76000213623047,95.91999816894531,1853.5999755859375,4.358500003814697,5.177000045776367,4700.89990234375
2021-11-17,80.27999877929688,78.36000061035156,95.83000183105469,1869.699951171875,4.2729997634887695,4.815999984741211,4688.669921875
2021-11-18,81.23999786376953,79.01000213623047,95.54000091552734,1861.0,4.309999942779541,4.9019999504089355,4704.5400390625
2021-11-19,78.88999938964844,76.0999984741211,96.06999969482422,1851.199951171875,4.4085001945495605,5.065000057220459,4697.9599609375
2021-11-22,79.69999694824219,76.75,96.5,1806.0,4.395500183105469,4.789000034332275,4682.93994140625
2021-11-23,82.30999755859375,78.5,96.48999786376953,1783.5,4.423500061035156,4.9670000076293945,4690.7001953125
2021-11-24,82.25,78.38999938964844,96.83999633789062,1784.0999755859375,4.458000183105469,5.067999839782715,4701.4599609375
2021-11-26,72.72000122070312,68.1500015258789,96.08999633789062,1785.300048828125,4.281499862670898,5.447000026702881,4594.6201171875
2021-11-29,73.44000244140625,69.94999694824219,96.33999633789062,1782.300048828125,4.336999893188477,4.854000091552734,4655.27001953125
2021-11-30,70.56999969482422,66.18000030517578,95.98999786376953,1773.5999755859375,4.2779998779296875,4.566999912261963,4567.0
2021-12-01,68.87000274658203,65.56999969482422,96.05000305175781,1781.5999755859375,4.247499942779541,4.257999897003174,4513.0400390625
2021-12-02,69.66999816894531,66.5,96.12999725341797,1760.699951171875,4.298999786376953,4.056000232696533,4577.10009765625
2021-12-03,69.87999725341797,66.26000213623047,96.12000274658203,1782.0,4.266499996185303,4.131999969482422,4538.43017578125
2021-12-06,73.08000183105469,69.48999786376953,96.29000091552734,1777.5,4.336999893188477,3.6570000648498535,4591.669921875
2021-12-07,75.44000244140625,72.05000305175781,96.37000274658203,1782.5999755859375,4.3379998207092285,3.7079999446868896,4686.75
2021-12-08,75.81999969482422,72.36000061035156,95.88999938964844,1783.4000244140625,4.390999794006348,3.815000057220459,4701.2099609375
2021-12-09,74.41999816894531,70.94000244140625,96.2699966430664,1774.5999755859375,4.329999923706055,3.813999891281128,4667.4501953125
2021-12-10,75.1500015258789,71.66999816894531,96.05000305175781,1782.9000244140625,4.2829999923706055,3.924999952316284,4712.02001953125
2021-12-13,74.38999938964844,71.29000091552734,96.31999969482422,1786.300048828125,4.28000020980835,3.7939999103546143,4668.97021484375
2021-12-14,73.69999694824219,70.7300033569336,96.56999969482422,1770.4000244140625,4.254000186920166,3.746999979019165,4634.08984375
2021-12-15,73.87999725341797,70.87000274658203,96.51000213623047,1762.5999755859375,4.179500102996826,3.802000045776367,4709.85009765625
2021-12-16,75.0199966430664,72.37999725341797,96.04000091552734,1796.5999755859375,4.30049991607666,3.7660000324249268,4668.669921875
2021-12-17,73.5199966430664,70.86000061035156,96.56999969482422,1803.800048828125,4.290999889373779,3.690000057220459,4620.64013671875
2021-12-20,71.5199966430664,68.2300033569336,96.55000305175781,1793.699951171875,4.288000106811523,3.8340001106262207,4568.02001953125
2021-12-21,73.9800033569336,71.12000274658203,96.48999786376953,1787.9000244140625,4.3379998207092285,3.86899995803833,4649.22998046875
2021-12-22,75.29000091552734,72.76000213623047,96.08000183105469,1801.5999755859375,4.389500141143799,3.9760000705718994,4696.56005859375
2021-12-23,76.8499984741211,73.79000091552734,96.0199966430664,1811.199951171875,4.38700008392334,3.7309999465942383,4725.7900390625
2021-12-27,78.5999984741211,75.56999969482422,96.08999633789062,1808.0999755859375,4.465000152587891,4.059999942779541,4791.18994140625
2021-12-28,78.94000244140625,75.9800033569336,96.19999694824219,1810.199951171875,4.420000076293945,4.054999828338623,4786.35009765625
2021-12-29,79.2300033569336,76.55999755859375,95.93000030517578,1805.0999755859375,4.4019999504089355,4.02400016784668,4793.06005859375
2021-12-30,79.31999969482422,76.98999786376953,95.97000122070312,1812.699951171875,4.384500026702881,3.561000108718872,4778.72998046875
2021-12-31,77.77999877929688,75.20999908447266,95.66999816894531,1827.5,4.454999923706055,3.7300000190734863,4766.18017578125
2022-01-03,78.9800033569336,76.08000183105469,96.23999786376953,1799.4000244140625,4.4145002365112305,3.815000057220459,4796.56005859375
2022-01-04,80.0,76.98999786376953,96.29000091552734,1814.0,4.466000080108643,3.7170000076293945,4793.5400390625
2022-01-05,80.80000305175781,77.8499984741211,96.19000244140625,1824.5999755859375,4.4045000076293945,3.881999969482422,4700.580078125
2022-01-06,81.98999786376953,79.45999908447266,96.25,1788.699951171875,4.3480000495910645,3.812000036239624,4696.0498046875
2022-01-07,81.75,78.9000015258789,95.73999786376953,1797.0,4.4029998779296875,3.9159998893737793,4677.02978515625
2022-01-10,80.87000274658203,78.2300033569336,95.98999786376953,1798.4000244140625,4.3445000648498535,4.078999996185303,4670.2900390625
2022-01-11,83.72000122070312,81.22000122070312,95.62000274658203,1818.5999755859375,4.420499801635742,4.249000072479248,4713.06982421875
2022-01-12,84.66999816894531,82.63999938964844,95.0,1827.199951171875,4.564000129699707,4.85699987411499,4726.35009765625
2022-01-13,84.47000122070312,82.12000274658203,94.79000091552734,1821.199951171875,4.533999919891357,4.269999980926514,4659.02978515625
2022-01-14,86.05999755859375,83.81999969482422,95.16999816894531,1816.5,4.411499977111816,4.26200008392334,4662.85009765625
2022-01-18,87.51000213623047,85.43000030517578,95.7300033569336,1812.300048828125,4.375999927520752,4.2829999923706055,4577.10986328125
2022-01-19,88.44000244140625,86.95999908447266,95.51000213623047,1843.0999755859375,4.462500095367432,4.031000137329102,4532.759765625
2022-01-20,88.37999725341797,86.9000015258789,95.73999786376953,1842.5,4.576499938964844,3.802000045776367,4482.72998046875
2022-01-21,87.88999938964844,85.13999938964844,95.63999938964844,1831.800048828125,4.512499809265137,3.999000072479248,4397.93994140625
2022-01-24,86.2699966430664,83.30999755859375,95.91999816894531,1841.699951171875,4.4029998779296875,4.0269999504089355,4410.1298828125
2022-01-25,88.19999694824219,85.5999984741211,95.94999694824219,1852.699951171875,4.442999839782715,4.052999973297119,4356.4501953125
2022-01-26,89.95999908447266,87.3499984741211,96.48999786376953,1829.9000244140625,4.504499912261963,4.2769999504089355,4349.93017578125
2022-01-27,89.33999633789062,86.61000061035156,97.26000213623047,1793.300048828125,4.413000106811523,6.264999866485596,4326.509765625
2022-01-28,90.02999877929688,86.81999969482422,97.2699966430664,1784.9000244140625,4.302999973297119,4.638999938964844,4431.85009765625
2022-01-31,91.20999908447266,88.1500015258789,96.54000091552734,1795.0,4.317999839782715,4.874000072479248,4515.5498046875
2022-02-01,89.16000366210938,88.19999694824219,96.38999938964844,1800.300048828125,4.428999900817871,4.750999927520752,4546.5400390625
2022-02-02,89.47000122070312,88.26000213623047,95.94000244140625,1809.199951171875,4.491000175476074,5.500999927520752,4589.3798828125
2022-02-03,91.11000061035156,90.2699966430664,95.37999725341797,1803.0,4.4664998054504395,4.888000011444092,4477.43994140625
2022-02-04,93.2699966430664,92.30999755859375,95.4800033569336,1806.5999755859375,4.483500003814697,4.572000026702881,4500.52978515625
2022-02-07,92.69000244140625,91.31999969482422,95.4000015258789,1820.5999755859375,4.46150016784668,4.23199987411499,4483.8701171875
2022-02-08,90.77999877929688,89.36000061035156,95.63999938964844,1826.5999755859375,4.459499835968018,4.248000144958496,4521.5400390625
2022-02-09,91.55000305175781,89.66000366210938,95.48999786376953,1835.199951171875,4.600500106811523,4.008999824523926,4587.18017578125
2022-02-10,91.41000366210938,89.87999725341797,95.55000305175781,1836.199951171875,4.65749979019165,3.9590001106262207,4504.080078125
2022-02-11,94.44000244140625,93.0999984741211,96.08000183105469,1840.800048828125,4.505000114440918,3.940999984741211,4418.64013671875
2022-02-14,96.4800033569336,95.45999908447266,96.37000274658203,1868.0,4.507500171661377,4.195000171661377,4401.669921875
2022-02-15,93.27999877929688,92.06999969482422,95.98999786376953,1854.800048828125,4.531499862670898,4.306000232696533,4471.06982421875
2022-02-16,94.80999755859375,93.66000366210938,95.69999694824219,1870.199951171875,4.540500164031982,4.7170000076293945,4475.009765625
2022-02-17,92.97000122070312,91.76000213623047,95.80000305175781,1900.699951171875,4.525000095367432,4.486000061035156,4380.259765625
2022-02-18,93.54000091552734,91.06999969482422,96.04000091552734,1898.5999755859375,4.519499778747559,4.431000232696533,4348.8701171875
2022-02-22,96.83999633789062,92.3499984741211,96.02999877929688,1906.0999755859375,4.510000228881836,4.498000144958496,4304.759765625
2022-02-23,96.83999633789062,92.0999984741211,96.19000244140625,1909.199951171875,4.481500148773193,4.623000144958496,4225.5
2022-02-24,99.08000183105469,92.80999755859375,97.13999938964844,1925.0999755859375,4.453999996185303,4.567999839782715,4288.7001953125
2022-02-25,97.93000030517578,91.58999633789062,96.62000274658203,1886.5,4.4720001220703125,4.46999979019165,4384.64990234375
2022-02-28,100.98999786376953,95.72000122070312,96.70999908447266,1899.4000244140625,4.444499969482422,4.4019999504089355,4373.93994140625
2022-03-01,104.97000122070312,103.41000366210938,97.41000366210938,1942.4000244140625,4.58650016784668,4.572999954223633,4306.259765625
2022-03-02,112.93000030517578,110.5999984741211,97.38999938964844,1920.9000244140625,4.6554999351501465,4.76200008392334,4386.5400390625
2022-03-03,110.45999908447266,107.66999816894531,97.79000091552734,1934.4000244140625,4.771500110626221,4.7220001220703125,4363.490234375
2022-03-04,118.11000061035156,115.68000030517578,98.6500015258789,1965.0999755859375,4.928999900817871,5.015999794006348,4328.8701171875
2022-03-07,123.20999908447266,119.4000015258789,99.29000091552734,1993.9000244140625,4.7220001220703125,4.833000183105469,4201.08984375
2022-03-08,127.9800033569336,123.69999694824219,99.05999755859375,2040.0999755859375,4.700500011444092,4.5269999504089355,4170.7001953125
2022-03-09,111.13999938964844,108.69999694824219,97.97000122070312,1985.9000244140625,4.564000129699707,4.526000022888184,4277.8798828125
2022-03-10,109.33000183105469,106.0199966430664,98.51000213623047,1998.0999755859375,4.643499851226807,4.63100004196167,4259.52001953125
2022-03-11,112.66999816894531,109.33000183105469,99.12000274658203,1982.699951171875,4.616000175476074,4.724999904632568,4204.31005859375
2022-03-14,106.9000015258789,103.01000213623047,99.05999755859375,1959.5999755859375,4.512499809265137,4.6579999923706055,4173.10986328125
2022-03-15,99.91000366210938,96.44000244140625,99.06999969482422,1928.5,4.501500129699707,4.567999839782715,4262.4501953125
2022-03-16,98.0199966430664,95.04000091552734,98.37999725341797,1908.0,4.5879998207092285,4.748000144958496,4357.85986328125
2022-03-17,106.63999938964844,102.9800033569336,98.01000213623047,1942.0999755859375,4.690499782562256,4.989999771118164,4411.669921875
2022-03-18,107.93000030517578,104.69999694824219,98.2300033569336,1928.199951171875,4.730500221252441,4.86299991607666,4463.1201171875
2022-03-21,115.62000274658203,112.12000274658203,98.5,1928.5999755859375,4.701499938964844,4.900000095367432,4461.18017578125
2022-03-22,115.4800033569336,111.76000213623047,98.48999786376953,1920.699951171875,4.689000129699707,5.186999797821045,4511.60986328125
2022-03-23,121.5999984741211,114.93000030517578,98.62000274658203,1936.5999755859375,4.762499809265137,5.23199987411499,4456.240234375
2022-03-24,119.02999877929688,112.33999633789062,98.79000091552734,1961.5999755859375,4.729000091552734,5.401000022888184,4520.16015625
2022-03-25,120.6500015258789,113.9000015258789,98.80999755859375,1953.800048828125,4.685999870300293,5.571000099182129,4543.06005859375
2022-03-28,112.4800033569336,105.95999908447266,99.08999633789062,1939.5999755859375,4.714000225067139,5.507999897003174,4575.52001953125
2022-03-29,110.2300033569336,104.23999786376953,98.4000015258789,1912.0,4.7164998054504395,5.335999965667725,4631.60009765625
2022-03-30,113.44999694824219,107.81999969482422,97.79000091552734,1933.5,4.739500045776367,5.605000019073486,4602.4501953125
2022-03-31,107.91000366210938,100.27999877929688,98.30999755859375,1949.199951171875,4.743000030517578,5.642000198364258,4530.41015625
2022-04-01,104.38999938964844,99.2699966430664,98.62999725341797,1919.0999755859375,4.682499885559082,5.71999979019165,4545.85986328125
2022-04-04,107.52999877929688,103.27999877929688,98.98999786376953,1929.199951171875,4.776500225067139,5.711999893188477,4582.64013671875
2022-04-05,106.63999938964844,101.95999908447266,99.47000122070312,1922.9000244140625,4.790999889373779,6.0320000648498535,4525.1201171875
2022-04-06,101.06999969482422,96.2300033569336,99.5999984741211,1918.4000244140625,4.733500003814697,6.0289998054504395,4481.14990234375
2022-04-07,100.58000183105469,96.02999877929688,99.75,1933.800048828125,4.695000171661377,6.359000205993652,4500.2099609375
2022-04-08,102.77999877929688,98.26000213623047,99.80000305175781,1941.5999755859375,4.71999979019165,6.2779998779296875,4488.27978515625
2022-04-11,98.4800033569336,94.29000091552734,99.93000030517578,1944.300048828125,4.628499984741211,6.64300012588501,4412.52978515625
2022-04-12,104.63999938964844,100.5999984741211,100.29000091552734,1972.0999755859375,4.703999996185303,6.679999828338623,4397.4501953125
2022-04-13,108.77999877929688,104.25,99.87999725341797,1981.0,4.706999778747559,6.997000217437744,4446.58984375
2022-04-14,111.69999694824219,106.94999694824219,100.31999969482422,1970.9000244140625,4.7170000076293945,7.300000190734863,4392.58984375
2022-04-18,113.16000366210938,108.20999908447266,100.77999877929688,1982.9000244140625,4.796000003814697,7.820000171661377,4391.68994140625
2022-04-19,107.25,102.55999755859375,100.95999908447266,1955.699951171875,4.714000225067139,7.176000118255615,4462.2099609375
2022-04-20,106.80000305175781,102.75,100.38999938964844,1952.300048828125,4.649499893188477,6.936999797821045,4459.4501953125
2022-04-21,108.33000183105469,103.79000091552734,100.58000183105469,1944.9000244140625,4.703499794006348,6.956999778747559,4393.66015625
2022-04-22,106.6500015258789,102.06999969482422,101.22000122070312,1931.0,4.582499980926514,6.533999919891357,4271.77978515625
2022-04-25,102.31999969482422,98.54000091552734,101.75,1893.199951171875,4.448999881744385,6.669000148773193,4296.1201171875
2022-04-26,104.98999786376953,101.69999694824219,102.30000305175781,1901.4000244140625,4.440000057220459,6.849999904632568,4175.2001953125
2022-04-27,105.31999969482422,102.0199966430664,102.94999694824219,1885.9000244140625,4.454500198364258,7.267000198364258,4183.9599609375
2022-04-28,107.58999633789062,105.36000061035156,103.62000274658203,1888.699951171875,4.41349983215332,6.888000011444092,4287.5
2022-04-29,109.33999633789062,104.69000244140625,102.95999908447266,1909.300048828125,4.394999980926514,7.24399995803833,4131.93017578125
2022-05-02,107.58000183105469,105.16999816894531,103.73999786376953,1861.800048828125,4.255499839782715,7.474999904632568,4155.3798828125
2022-05-03,104.97000122070312,102.41000366210938,103.47000122070312,1868.800048828125,4.270999908447266,7.953999996185303,4175.47998046875
2022-05-04,110.13999938964844,107.80999755859375,102.58999633789062,1867.0,4.328499794006348,8.414999961853027,4300.169921875
2022-05-05,110.9000015258789,108.26000213623047,103.75,1874.0,4.284999847412109,8.782999992370605,4146.8701171875
2022-05-06,112.38999938964844,109.7699966430664,103.66000366210938,1881.199951171875,4.261499881744385,8.043000221252441,4123.33984375
2022-05-09,105.94000244140625,103.08999633789062,103.6500015258789,1857.0999755859375,4.192999839782715,7.026000022888184,3991.239990234375
2022-05-10,102.45999908447266,99.76000213623047,103.91999816894531,1839.9000244140625,4.1545000076293945,7.385000228881836,4001.050048828125
2022-05-11,107.51000213623047,105.70999908447266,103.8499984741211,1852.5999755859375,4.212500095367432,7.639999866485596,3935.179931640625
2022-05-12,107.44999694824219,106.12999725341797,104.8499984741211,1823.800048828125,4.105000019073486,7.738999843597412,3930.080078125
2022-05-13,111.55000305175781,110.48999786376953,104.55999755859375,1807.4000244140625,4.180500030517578,7.663000106811523,4023.889892578125
2022-05-16,114.23999786376953,114.19999694824219,104.19000244140625,1813.5,4.196499824523926,7.955999851226807,4008.010009765625
2022-05-17,111.93000030517578,112.4000015258789,103.36000061035156,1818.199951171875,4.239500045776367,8.303999900817871,4088.85009765625
2022-05-18,109.11000061035156,109.58999633789062,103.80999755859375,1815.9000244140625,4.182000160217285,8.368000030517578,3923.679931640625
2022-05-19,112.04000091552734,112.20999908447266,102.72000122070312,1841.199951171875,4.284999847412109,8.307999610900879,3900.7900390625
2022-05-20,112.55000305175781,113.2300033569336,103.1500015258789,1841.800048828125,4.281000137329102,8.083000183105469,3901.360107421875
2022-05-23,113.41999816894531,110.29000091552734,102.08000183105469,1847.800048828125,4.347499847412109,8.744000434875488,3973.75
2022-05-24,113.55999755859375,109.7699966430664,101.86000061035156,1865.0999755859375,4.325500011444092,8.795999526977539,3941.47998046875
2022-05-25,114.02999877929688,110.33000183105469,102.05999755859375,1846.199951171875,4.2769999504089355,8.970999717712402,3978.72998046875
2022-05-26,117.4000015258789,114.08999633789062,101.83000183105469,1847.4000244140625,4.255000114440918,8.907999992370605,4057.840087890625
2022-05-27,119.43000030517578,115.06999969482422,101.66999816894531,1851.300048828125,4.303999900817871,8.72700023651123,4158.240234375
2022-05-31,122.83999633789062,114.66999816894531,101.75,1842.699951171875,4.295000076293945,8.145000457763672,4132.14990234375
2022-06-01,116.29000091552734,115.26000213623047,102.55000305175781,1843.300048828125,4.329999923706055,8.696000099182129,4101.22998046875
2022-06-02,117.61000061035156,116.87000274658203,101.7699966430664,1866.5,4.553999900817871,8.484999656677246,4176.81982421875
2022-06-03,119.72000122070312,118.87000274658203,102.13999938964844,1845.4000244140625,4.477499961853027,8.52299976348877,4108.5400390625
2022-06-06,119.51000213623047,118.5,102.44000244140625,1839.199951171875,4.439499855041504,9.321999549865723,4121.43017578125
2022-06-07,120.56999969482422,119.41000366210938,102.31999969482422,1847.5,4.439499855041504,9.293000221252441,4160.68017578125
2022-06-08,123.58000183105469,122.11000061035156,102.54000091552734,1851.9000244140625,4.458499908447266,8.699000358581543,4115.77001953125
2022-06-09,123.06999969482422,121.51000213623047,103.22000122070312,1848.800048828125,4.388999938964844,8.963000297546387,4017.820068359375
2022-06-10,122.01000213623047,120.66999816894531,104.1500015258789,1871.5,4.301000118255615,8.850000381469727,3900.860107421875
2022-06-13,122.2699966430664,120.93000030517578,105.08000183105469,1828.0,4.2164998054504395,8.609000205993652,3749.6298828125
2022-06-14,121.16999816894531,118.93000030517578,105.5199966430664,1809.5,4.161499977111816,7.189000129699707,3735.47998046875
2022-06-15,118.51000213623047,115.30999755859375,105.16000366210938,1815.300048828125,4.167500019073486,7.420000076293945,3789.989990234375
2022-06-16,119.80999755859375,117.58999633789062,103.62999725341797,1845.699951171875,4.111999988555908,7.464000225067139,3666.77001953125
2022-06-17,113.12000274658203,109.55999755859375,104.69999694824219,1835.5999755859375,4.017499923706055,6.943999767303467,3674.840087890625
2022-06-21,114.6500015258789,110.6500015258789,104.44000244140625,1834.5999755859375,4.043000221252441,6.808000087738037,3764.7900390625
2022-06-22,111.73999786376953,106.19000244140625,104.19999694824219,1834.300048828125,3.9514999389648438,6.857999801635742,3759.889892578125
2022-06-23,110.05000305175781,104.2699966430664,104.43000030517578,1825.699951171875,3.758500099182129,6.238999843597412,3795.72998046875
2022-06-24,113.12000274658203,107.62000274658203,104.19000244140625,1826.5,3.759999990463257,6.21999979019165,3911.739990234375
2022-06-27,115.08999633789062,109.56999969482422,103.94000244140625,1820.9000244140625,3.7790000438690186,6.500999927520752,3900.110107421875
2022-06-28,117.9800033569336,111.76000213623047,104.51000213623047,1817.5,3.7839999198913574,6.551000118255615,3821.550048828125
2022-06-29,116.26000213623047,109.77999877929688,105.11000061035156,1813.699951171875,3.7790000438690186,6.498000144958496,3818.830078125
2022-06-30,114.80999755859375,105.76000213623047,104.69000244140625,1804.0999755859375,3.7144999504089355,5.423999786376953,3785.3798828125
2022-07-01,111.62999725341797,108.43000030517578,105.13999938964844,1798.9000244140625,3.61899995803833,5.730000019073486,3825.330078125
2022-07-05,102.7699966430664,99.5,106.5,1761.800048828125,3.424999952316284,5.5229997634887695,3831.389892578125
2022-07-06,100.69000244140625,98.52999877929688,107.0999984741211,1734.9000244140625,3.4179999828338623,5.510000228881836,3845.080078125
2022-07-07,104.6500015258789,102.7300033569336,107.12999725341797,1737.9000244140625,3.5820000171661377,6.296999931335449,3902.6201171875
2022-07-08,107.0199966430664,104.79000091552734,107.01000213623047,1740.5999755859375,3.5320000648498535,6.033999919891357,3899.3798828125
2022-07-11,107.0999984741211,104.08999633789062,108.0199966430664,1730.0,3.4375,6.426000118255615,3854.429931640625
2022-07-12,99.48999786376953,95.83999633789062,108.06999969482422,1723.300048828125,3.2964999675750732,6.163000106811523,3818.800048828125
2022-07-13,99.56999969482422,96.30000305175781,107.95999908447266,1734.199951171875,3.325500011444092,6.689000129699707,3801.780029296875
2022-07-14,99.0999984741211,95.77999877929688,108.54000091552734,1704.5,3.2105000019073486,6.599999904632568,3790.3798828125
2022-07-15,101.16000366210938,97.58999633789062,108.05999755859375,1702.4000244140625,3.234499931335449,7.015999794006348,3863.159912109375
2022-07-18,106.2699966430664,102.5999984741211,107.37000274658203,1709.199951171875,3.3480000495910645,7.479000091552734,3830.85009765625
2022-07-19,107.3499984741211,104.22000122070312,106.68000030517578,1710.0,3.2915000915527344,7.263999938964844,3936.68994140625
2022-07-20,106.91999816894531,102.26000213623047,107.08000183105469,1699.5,3.3294999599456787,8.006999969482422,3959.89990234375
2022-07-21,103.86000061035156,96.3499984741211,106.91000366210938,1712.699951171875,3.302000045776367,7.932000160217285,3998.949951171875
2022-07-22,103.19999694824219,94.69999694824219,106.7300033569336,1727.0999755859375,3.3485000133514404,8.298999786376953,3961.6298828125
2022-07-25,105.1500015258789,96.69999694824219,106.4800033569336,1719.0,3.3510000705718994,8.72700023651123,3966.840087890625
2022-07-26,104.4000015258789,94.9800033569336,107.19000244140625,1717.699951171875,3.382499933242798,8.993000030517578,3921.050048828125
2022-07-27,106.62000274658203,97.26000213623047,106.44999694824219,1719.0999755859375,3.429500102996826,8.687000274658203,4023.610107421875
2022-07-28,107.13999938964844,96.41999816894531,106.3499984741211,1750.300048828125,3.4749999046325684,8.133999824523926,4072.429931640625
2022-07-29,110.01000213623047,98.62000274658203,105.9000015258789,1762.9000244140625,3.5840001106262207,8.229000091552734,4130.2900390625
2022-08-01,100.02999877929688,93.88999938964844,105.44999694824219,1769.0,3.552000045776367,8.282999992370605,4118.6298828125
2022-08-02,100.54000091552734,94.41999816894531,106.23999786376953,1771.0999755859375,3.5244998931884766,7.705999851226807,4091.18994140625
2022-08-03,96.77999877929688,90.66000366210938,106.51000213623047,1758.0,3.4695000648498535,8.265999794006348,4155.169921875
2022-08-04,94.12000274658203,88.54000091552734,105.69000244140625,1788.5,3.4830000400543213,8.121999740600586,4151.93994140625
2022-08-05,94.91999816894531,89.01000213623047,106.62000274658203,1772.9000244140625,3.552999973297119,8.064000129699707,4145.18994140625
2022-08-08,96.6500015258789,90.76000213623047,106.44000244140625,1786.800048828125,3.5875000953674316,7.589000225067139,4140.06005859375
2022-08-09,96.30999755859375,90.5,106.37000274658203,1794.0,3.5924999713897705,7.833000183105469,4122.47021484375
2022-08-10,97.4000015258789,91.93000030517578,105.19999694824219,1795.5999755859375,3.6554999351501465,8.20199966430664,4210.240234375
2022-08-11,99.5999984741211,94.33999633789062,105.08999633789062,1789.699951171875,3.7105000019073486,8.87399959564209,4207.27001953125
2022-08-12,98.1500015258789,92.08999633789062,105.62999725341797,1798.5999755859375,3.6760001182556152,8.767999649047852,4280.14990234375
2022-08-15,95.0999984741211,89.41000366210938,106.55000305175781,1781.4000244140625,3.628999948501587,8.727999687194824,4297.14013671875
2022-08-16,92.33999633789062,86.52999877929688,106.5,1773.199951171875,3.6364998817443848,9.329000473022461,4305.2001953125
2022-08-17,93.6500015258789,88.11000061035156,106.56999969482422,1760.300048828125,3.5980000495910645,9.244000434875488,4274.0400390625
2022-08-18,96.58999633789062,90.5,107.4800033569336,1755.300048828125,3.6465001106262207,9.187999725341797,4283.740234375
2022-08-19,96.72000122070312,90.7699966430664,108.16999816894531,1747.5999755859375,3.683500051498413,9.336000442504883,4228.47998046875
2022-08-22,96.4800033569336,90.2300033569336,109.05000305175781,1734.0,3.6705000400543213,9.680000305175781,4137.990234375
2022-08-23,100.22000122070312,93.73999786376953,108.62000274658203,1746.800048828125,3.7044999599456787,9.192999839782715,4128.72998046875
2022-08-24,101.22000122070312,94.88999938964844,108.68000030517578,1747.800048828125,3.6605000495910645,9.329999923706055,4140.77001953125
2022-08-25,99.33999633789062,92.5199966430664,108.47000122070312,1757.699951171875,3.7105000019073486,9.375,4199.1201171875
2022-08-26,100.98999786376953,93.05999755859375,108.80000305175781,1736.0999755859375,3.7114999294281006,9.295999526977539,4057.659912109375
2022-08-29,105.08999633789062,97.01000213623047,108.83999633789062,1736.5999755859375,3.626499891281128,9.352999687194824,4030.610107421875
2022-08-30,99.30999755859375,91.63999938964844,108.7699966430664,1723.199951171875,3.5450000762939453,9.041999816894531,3986.159912109375
2022-08-31,96.48999786376953,89.55000305175781,108.69999694824219,1712.800048828125,3.5185000896453857,9.126999855041504,3955.0
2022-09-01,92.36000061035156,86.61000061035156,109.69000244140625,1696.5999755859375,3.4144999980926514,9.26200008392334,3966.85009765625
2022-09-02,93.0199966430664,86.87000274658203,109.52999877929688,1709.800048828125,3.4214999675750732,8.78600025177002,3924.260009765625
2022-09-06,92.83000183105469,86.87999725341797,110.20999908447266,1700.4000244140625,3.4690001010894775,8.145000457763672,3908.18994140625
2022-09-07,88.0,81.94000244140625,109.83999633789062,1715.300048828125,3.437999963760376,7.8420000076293945,3979.8701171875
2022-09-08,89.1500015258789,83.54000091552734,109.70999908447266,1708.0,3.5360000133514404,7.914999961853027,4006.179931640625
2022-09-09,92.83999633789062,86.79000091552734,109.0,1716.199951171875,3.5810000896453857,7.995999813079834,4067.360107421875
2022-09-12,94.0,87.77999877929688,108.33000183105469,1728.0999755859375,3.625499963760376,8.24899959564209,4110.41015625
2022-09-13,93.16999816894531,87.30999755859375,109.81999969482422,1705.0,3.5810000896453857,8.284000396728516,3932.68994140625
2022-09-14,94.0999984741211,88.4800033569336,109.66000366210938,1696.5,3.5455000400543213,9.11400032043457,3946.010009765625
2022-09-15,90.83999633789062,85.0999984741211,109.73999786376953,1665.4000244140625,3.5234999656677246,8.324000358581543,3901.35009765625
2022-09-16,91.3499984741211,85.11000061035156,109.76000213623047,1671.699951171875,3.561000108718872,7.763999938964844,3873.330078125
2022-09-19,92.0,85.7300033569336,109.73999786376953,1666.199951171875,3.557499885559082,7.751999855041504,3899.889892578125
2022-09-20,90.62000274658203,84.44999694824219,110.22000122070312,1659.699951171875,3.5480000972747803,7.7170000076293945,3855.929931640625
2022-09-21,89.83000183105469,82.94000244140625,110.63999938964844,1664.5999755859375,3.51200008392334,7.7789998054504395,3789.929931640625
2022-09-22,90.45999908447266,83.48999786376953,111.3499984741211,1670.800048828125,3.498500108718872,7.089000225067139,3757.989990234375
2022-09-23,86.1500015258789,78.73999786376953,113.19000244140625,1645.300048828125,3.371500015258789,6.828000068664551,3693.22998046875
2022-09-26,84.05999755859375,76.70999908447266,114.0999984741211,1623.300048828125,3.313499927520752,6.9029998779296875,3655.0400390625
2022-09-27,86.2699966430664,78.5,114.11000061035156,1626.699951171875,3.322999954223633,6.651000022888184,3647.2900390625
2022-09-28,89.31999969482422,82.1500015258789,112.5999984741211,1660.4000244140625,3.381999969482422,6.868000030517578,3719.0400390625
2022-09-29,88.48999786376953,81.2300033569336,112.25,1658.5,3.440000057220459,6.874000072479248,3640.469970703125
2022-09-30,87.95999908447266,79.48999786376953,112.12000274658203,1662.4000244140625,3.441999912261963,6.765999794006348,3585.6201171875
2022-10-03,88.86000061035156,83.62999725341797,111.75,1692.9000244140625,3.4579999446868896,6.46999979019165,3678.429931640625
2022-10-04,91.80000305175781,86.5199966430664,110.06999969482422,1721.0999755859375,3.5179998874664307,6.836999893188477,3790.929931640625
2022-10-05,93.37000274658203,87.76000213623047,111.06999969482422,1711.4000244140625,3.5325000286102295,6.929999828338623,3783.280029296875
2022-10-06,94.41999816894531,88.44999694824219,112.26000213623047,1711.699951171875,3.4749999046325684,6.9720001220703125,3744.52001953125
2022-10-07,97.91999816894531,92.63999938964844,112.80000305175781,1700.5,3.4124999046325684,6.748000144958496,3639.659912109375
2022-10-10,96.19000244140625,91.12999725341797,113.13999938964844,1667.300048828125,3.4535000324249268,6.434999942779541,3612.389892578125
2022-10-11,94.29000091552734,89.3499984741211,113.22000122070312,1678.699951171875,3.4779999256134033,6.5960001945495605,3588.840087890625
2022-10-12,92.44999694824219,87.2699966430664,113.31999969482422,1670.300048828125,3.444499969482422,6.434999942779541,3577.030029296875
2022-10-13,94.56999969482422,89.11000061035156,112.36000061035156,1670.0,3.4674999713897705,6.741000175476074,3669.909912109375
2022-10-14,91.62999725341797,85.61000061035156,113.30999755859375,1641.699951171875,3.450500011444092,6.453000068664551,3583.070068359375
2022-10-17,91.62000274658203,85.45999908447266,112.04000091552734,1657.0,3.4554998874664307,5.999000072479248,3677.949951171875
2022-10-18,90.02999877929688,82.81999969482422,112.12999725341797,1649.0,3.4065001010894775,5.744999885559082,3719.97998046875
2022-10-19,92.41000366210938,85.55000305175781,112.9800033569336,1627.5,3.3605000972747803,5.461999893188477,3695.159912109375
2022-10-20,92.37999725341797,85.9800033569336,112.87999725341797,1630.800048828125,3.4509999752044678,5.357999801635742,3665.780029296875
2022-10-21,93.5,85.05000305175781,112.01000213623047,1651.0,3.5230000019073486,4.959000110626221,3752.75
2022-10-24,93.26000213623047,84.58000183105469,111.98999786376953,1648.699951171875,3.4795000553131104,5.198999881744385,3797.340087890625
2022-10-25,93.5199966430664,85.31999969482422,110.94999694824219,1652.800048828125,3.450500011444092,5.61299991607666,3859.110107421875
2022-10-26,95.69000244140625,87.91000366210938,109.69999694824219,1664.0,3.629499912261963,5.605999946594238,3830.60009765625
2022-10-27,96.95999908447266,89.08000183105469,110.58999633789062,1660.699951171875,3.625499963760376,5.185999870300293,3807.300048828125
2022-10-28,95.7699966430664,87.9000015258789,110.66999816894531,1639.5999755859375,3.4660000801086426,5.684000015258789,3901.06005859375
2022-10-31,94.83000183105469,86.52999877929688,111.52999877929688,1635.9000244140625,3.4135000705718994,6.355000019073486,3871.97998046875
2022-11-01,94.6500015258789,88.37000274658203,111.4800033569336,1645.0,3.509500026702881,5.714000225067139,3856.10009765625
2022-11-02,96.16000366210938,90.0,111.3499984741211,1645.699951171875,3.505500078201294,6.26800012588501,3759.68994140625
2022-11-03,94.66999816894531,88.16999816894531,112.93000030517578,1627.300048828125,3.4565000534057617,5.974999904632568,3719.889892578125
2022-11-04,98.56999969482422,92.61000061035156,110.87999725341797,1672.5,3.7144999504089355,6.400000095367432,3770.550048828125
2022-11-07,97.91999816894531,91.79000091552734,110.12000274658203,1676.5,3.629499912261963,6.943999767303467,3806.800048828125
2022-11-08,95.36000061035156,88.91000366210938,109.62000274658203,1712.0999755859375,3.7054998874664307,6.138000011444092,3828.110107421875
2022-11-09,92.6500015258789,85.83000183105469,110.55000305175781,1710.0999755859375,3.741499900817871,5.864999771118164,3748.570068359375
2022-11-10,93.66999816894531,86.47000122070312,108.20999908447266,1750.300048828125,3.7960000038146973,6.238999843597412,3956.3701171875
2022-11-11,95.98999786376953,88.95999908447266,106.29000091552734,1766.0,3.9509999752044678,5.879000186920166,3992.929931640625
2022-11-14,93.13999938964844,85.87000274658203,106.66000366210938,1773.5999755859375,3.8550000190734863,5.933000087738037,3957.25
2022-11-15,93.86000061035156,86.91999816894531,106.4000015258789,1773.800048828125,3.8394999504089355,6.033999919891357,3991.72998046875
2022-11-16,92.86000061035156,85.58999633789062,106.27999877929688,1773.0,3.7880001068115234,6.199999809265137,3958.7900390625
2022-11-17,89.77999877929688,81.63999938964844,106.69000244140625,1760.800048828125,3.689500093460083,6.36899995803833,3946.56005859375
2022-11-18,87.62000274658203,80.08000183105469,106.93000030517578,1751.9000244140625,3.631999969482422,6.302999973297119,3965.340087890625
2022-11-21,87.44999694824219,79.7300033569336,107.83999633789062,1737.4000244140625,3.571500062942505,6.776000022888184,3949.93994140625
2022-11-22,88.36000061035156,80.94999694824219,107.22000122070312,1738.300048828125,3.614500045776367,6.7789998054504395,4003.580078125
2022-11-23,85.41000366210938,77.94000244140625,106.08000183105469,1744.9000244140625,3.617500066757202,7.308000087738037,4027.260009765625
2022-11-25,83.62999725341797,76.27999877929688,105.95999908447266,1753.300048828125,3.626499891281128,7.02400016784668,4026.1201171875
2022-11-28,83.19000244140625,77.23999786376953,106.68000030517578,1740.0999755859375,3.6105000972747803,6.711999893188477,3963.93994140625
2022-11-29,83.02999877929688,78.19999694824219,106.81999969482422,1748.4000244140625,3.630000114440918,7.235000133514404,3957.6298828125
2022-11-30,85.43000030517578,80.55000305175781,105.94999694824219,1746.0,3.7295000553131104,6.929999828338623,4080.110107421875
2022-12-01,86.87999725341797,81.22000122070312,104.7300033569336,1801.0999755859375,3.813999891281128,6.73799991607666,4076.570068359375
2022-12-02,85.56999969482422,79.9800033569336,104.55000305175781,1795.9000244140625,3.8480000495910645,6.281000137329102,4071.699951171875
2022-12-05,82.68000030517578,76.93000030517578,105.29000091552734,1767.4000244140625,3.7894999980926514,5.577000141143799,3998.840087890625
2022-12-06,79.3499984741211,74.25,105.58000183105469,1769.300048828125,3.811500072479248,5.468999862670898,3941.260009765625
2022-12-07,77.16999816894531,72.01000213623047,105.0999984741211,1785.5,3.8554999828338623,5.7230000495910645,3933.919921875
2022-12-08,76.1500015258789,71.45999908447266,104.7699966430664,1788.699951171875,3.880500078201294,5.961999893188477,3963.510009765625
2022-12-09,76.0999984741211,71.0199966430664,104.80999755859375,1798.0999755859375,3.875999927520752,6.244999885559082,3934.3798828125
2022-12-12,77.98999786376953,73.16999816894531,105.12999725341797,1780.5,3.7985000610351562,6.586999893188477,3990.56005859375
2022-12-13,80.68000030517578,75.38999938964844,103.9800033569336,1813.9000244140625,3.8394999504089355,6.934999942779541,4019.64990234375
2022-12-14,82.69999694824219,77.27999877929688,103.7699966430664,1807.5,3.875,6.429999828338623,3995.320068359375
2022-12-15,81.20999908447266,76.11000061035156,104.55999755859375,1777.199951171875,3.763000011444092,6.96999979019165,3895.75
2022-12-16,79.04000091552734,74.29000091552734,104.69999694824219,1790.0,3.7614998817443848,6.599999904632568,3852.360107421875
2022-12-19,79.80000305175781,75.19000244140625,104.72000122070312,1787.699951171875,3.7829999923706055,5.85099983215332,3817.659912109375
2022-12-20,79.98999786376953,76.08999633789062,103.97000122070312,1815.9000244140625,3.797499895095825,5.326000213623047,3821.6201171875
2022-12-21,82.19999694824219,78.29000091552734,104.16000366210938,1815.9000244140625,3.805999994277954,5.331999778747559,3878.43994140625
2022-12-22,80.9800033569336,77.48999786376953,104.43000030517578,1787.0,3.751499891281128,4.999000072479248,3822.389892578125
2022-12-23,83.91999816894531,79.55999755859375,104.30999755859375,1795.9000244140625,3.802999973297119,5.078999996185303,3844.820068359375
2022-12-27,84.33000183105469,79.52999877929688,104.18000030517578,1814.800048828125,3.8334999084472656,5.2820000648498535,3829.25
2022-12-28,83.26000213623047,78.95999908447266,104.45999908447266,1807.9000244140625,3.8320000171661377,4.709000110626221,3783.219970703125
2022-12-29,82.26000213623047,78.4000015258789,103.83999633789062,1819.5,3.821000099182129,4.559000015258789,3849.280029296875
2022-12-30,85.91000366210938,80.26000213623047,103.5199966430664,1819.699951171875,3.805500030517578,4.474999904632568,3839.5
2023-01-03,82.0999984741211,76.93000030517578,104.5199966430664,1839.699951171875,3.7660000324249268,3.98799991607666,3824.139892578125
2023-01-04,77.83999633789062,72.83999633789062,104.25,1852.800048828125,3.739500045776367,4.171999931335449,3852.969970703125
2023-01-05,78.69000244140625,73.66999816894531,105.04000091552734,1834.800048828125,3.818000078201294,3.7200000286102295,3808.10009765625
2023-01-06,78.56999969482422,73.7699966430664,103.87999725341797,1864.199951171875,3.9084999561309814,3.7100000381469727,3895.080078125
2023-01-09,79.6500015258789,74.62999725341797,103.0,1872.699951171875,4.018499851226807,3.9100000858306885,3892.090087890625
2023-01-10,80.0999984741211,75.12000274658203,103.23999786376953,1871.5999755859375,4.066999912261963,3.6389999389648438,3919.25
2023-01-11,82.66999816894531,77.41000366210938,103.19000244140625,1874.5999755859375,4.1545000076293945,3.6710000038146973,3969.610107421875
2023-01-12,84.02999877929688,78.38999938964844,102.25,1895.5,4.185999870300293,3.694999933242798,3983.169921875
2023-01-13,85.27999877929688,79.86000061035156,102.19999694824219,1918.4000244140625,4.207499980926514,3.4189999103546143,3999.090087890625
2023-01-17,85.91999816894531,80.18000030517578,102.38999938964844,1907.199951171875,4.215000152587891,3.5859999656677246,3990.969970703125
2023-01-18,84.9800033569336,79.4800033569336,102.36000061035156,1904.4000244140625,4.228499889373779,3.311000108718872,3928.860107421875
2023-01-19,86.16000366210938,80.33000183105469,102.05999755859375,1922.0999755859375,4.226500034332275,3.2750000953674316,3898.85009765625
2023-01-20,87.62999725341797,81.30999755859375,102.01000213623047,1926.4000244140625,4.248499870300293,3.1740000247955322,3972.610107421875
2023-01-23,88.19000244140625,81.62000274658203,102.13999938964844,1927.0999755859375,4.254000186920166,3.447000026702881,4019.81005859375
2023-01-24,86.12999725341797,80.12999725341797,101.91999816894531,1933.9000244140625,4.245500087738037,3.257999897003174,4016.949951171875
2023-01-25,86.12000274658203,80.1500015258789,101.63999938964844,1941.199951171875,4.239999771118164,3.066999912261963,4016.219970703125
2023-01-26,87.47000122070312,81.01000213623047,101.83999633789062,1929.0999755859375,4.267000198364258,2.944000005722046,4060.429931640625
2023-01-27,86.66000366210938,79.68000030517578,101.93000030517578,1928.5999755859375,4.223999977111816,3.1089999675750732,4070.56005859375
2023-01-30,84.9000015258789,77.9000015258789,102.27999877929688,1922.9000244140625,4.203499794006348,2.677000045776367,4017.77001953125
2023-01-31,84.48999786376953,78.87000274658203,102.0999984741211,1929.5,4.228499889373779,2.684000015258789,4076.60009765625
2023-02-01,82.83999633789062,76.41000366210938,101.22000122070312,1927.800048828125,4.111000061035156,2.4679999351501465,4119.2099609375
2023-02-02,82.16999816894531,75.87999725341797,101.75,1916.300048828125,4.093999862670898,2.4560000896453857,4179.759765625
2023-02-03,79.94000244140625,73.38999938964844,102.91999816894531,1862.9000244140625,4.063000202178955,2.4100000858306885,4136.47998046875
2023-02-06,80.98999786376953,74.11000061035156,103.62000274658203,1866.199951171875,4.043499946594238,2.4570000171661377,4111.080078125
2023-02-07,83.69000244140625,77.13999938964844,103.43000030517578,1871.699951171875,4.088500022888184,2.5840001106262207,4164.0
2023-02-08,85.08999633789062,78.47000122070312,103.41000366210938,1877.4000244140625,4.043499946594238,2.3959999084472656,4117.85986328125
2023-02-09,84.5,78.05999755859375,103.22000122070312,1866.199951171875,4.105500221252441,2.430000066757202,4081.5
2023-02-10,86.38999938964844,79.72000122070312,103.62999725341797,1862.800048828125,4.027500152587891,2.5139999389648438,4090.4599609375
2023-02-13,86.61000061035156,80.13999938964844,103.3499984741211,1851.9000244140625,4.086999893188477,2.4049999713897705,4137.2900390625
2023-02-14,85.58000183105469,79.05999755859375,103.2300033569336,1854.0,4.110000133514404,2.566999912261963,4136.1298828125
2023-02-15,85.37999725341797,78.58999633789062,103.91999816894531,1834.199951171875,4.052000045776367,2.4709999561309814,4147.60009765625
2023-02-16,85.13999938964844,78.48999786376953,103.86000061035156,1842.0,4.165500164031982,2.3889999389648438,4090.409912109375
2023-02-17,83.0,76.33999633789062,103.86000061035156,1840.4000244140625,4.113999843597412,2.2750000953674316,4079.090087890625
2023-02-21,83.05000305175781,76.16000366210938,104.18000030517578,1833.0,4.234499931335449,2.072999954223633,3997.340087890625
2023-02-22,80.5999984741211,73.94999694824219,104.58999633789062,1832.0,4.202499866485596,2.1740000247955322,3991.050048828125
2023-02-23,82.20999908447266,75.38999938964844,104.5999984741211,1818.0,4.072999954223633,2.313999891281128,4012.320068359375
2023-02-24,83.16000366210938,76.31999969482422,105.20999908447266,1808.800048828125,3.9549999237060547,2.4509999752044678,3970.0400390625
2023-02-27,82.44999694824219,75.68000030517578,104.66999816894531,1817.0,4.008999824523926,2.7309999465942383,3982.239990234375
2023-02-28,83.88999938964844,77.05000305175781,104.87000274658203,1828.9000244140625,4.097499847412109,2.746999979019165,3970.14990234375
2023-03-01,84.30999755859375,77.69000244140625,104.4800033569336,1837.699951171875,4.168000221252441,2.811000108718872,3951.389892578125
2023-03-02,84.75,78.16000366210938,105.02999877929688,1833.5,4.084000110626221,2.765000104904175,3981.35009765625
2023-03-03,85.83000183105469,79.68000030517578,104.5199966430664,1847.699951171875,4.078000068664551,3.009000062942505,4045.639892578125
2023-03-06,86.18000030517578,80.45999908447266,104.3499984741211,1847.9000244140625,4.100500106811523,2.572000026702881,4048.419921875
2023-03-07,83.29000091552734,77.58000183105469,105.62000274658203,1813.9000244140625,3.9865000247955322,2.687000036239624,3986.3701171875
2023-03-08,82.66000366210938,76.66000366210938,105.66000366210938,1812.699951171875,4.041500091552734,2.5510001182556152,3992.010009765625
2023-03-09,81.58999633789062,75.72000122070312,105.30999755859375,1829.300048828125,4.054500102996826,2.5429999828338623,3918.320068359375
2023-03-10,82.77999877929688,76.68000030517578,104.58000183105469,1862.0,4.045499801635742,2.430000066757202,3861.590087890625
2023-03-13,80.7699966430664,74.80000305175781,103.5999984741211,1911.699951171875,4.069499969482422,2.6059999465942383,3855.760009765625
2023-03-14,77.44999694824219,71.33000183105469,103.5999984741211,1906.199951171875,4.010499954223633,2.572999954223633,3919.2900390625
2023-03-15,73.69000244140625,67.61000061035156,104.6500015258789,1926.5999755859375,3.8564999103546143,2.438999891281128,3891.929931640625
2023-03-16,74.69999694824219,68.3499984741211,104.41999816894531,1919.0,3.885499954223633,2.5139999389648438,3960.280029296875
2023-03-17,72.97000122070312,66.73999786376953,103.70999908447266,1969.800048828125,3.9135000705718994,2.3380000591278076,3916.639892578125
2023-03-20,73.79000091552734,67.63999938964844,103.27999877929688,1979.199951171875,3.9755001068115234,2.2230000495910645,3951.570068359375
2023-03-21,75.31999969482422,69.33000183105469,103.26000213623047,1938.0,4.018499851226807,2.3480000495910645,4002.8701171875
2023-03-22,76.69000244140625,70.9000015258789,102.3499984741211,1946.800048828125,4.06850004196167,2.1710000038146973,3936.969970703125
2023-03-23,75.91000366210938,69.95999908447266,102.52999877929688,1993.800048828125,4.145999908447266,2.1540000438690186,3948.719970703125
2023-03-24,74.98999786376953,69.26000213623047,103.12000274658203,1982.0999755859375,4.101500034332275,2.2160000801086426,3970.989990234375
2023-03-27,78.12000274658203,72.80999755859375,102.86000061035156,1952.4000244140625,4.104499816894531,2.0880000591278076,3977.530029296875
2023-03-28,78.6500015258789,73.19999694824219,102.43000030517578,1972.4000244140625,4.111999988555908,2.0299999713897705,3971.27001953125
2023-03-29,78.27999877929688,72.97000122070312,102.63999938964844,1966.0999755859375,4.114999771118164,1.9910000562667847,4027.81005859375
2023-03-30,79.2699966430664,74.37000274658203,102.13999938964844,1980.300048828125,4.0904998779296875,2.1040000915527344,4050.830078125
2023-03-31,79.7699966430664,75.66999816894531,102.51000213623047,1969.0,4.104499816894531,2.2160000801086426,4109.31005859375
2023-04-03,84.93000030517578,80.41999816894531,102.08999633789062,1983.9000244140625,4.059500217437744,2.0969998836517334,4124.509765625
2023-04-04,84.94000244140625,80.70999908447266,101.58999633789062,2022.199951171875,3.9835000038146973,2.1059999465942383,4100.60009765625
2023-04-05,84.98999786376953,80.61000061035156,101.8499984741211,2020.9000244140625,3.997999906539917,2.1549999713897705,4090.3798828125
2023-04-06,85.12000274658203,80.69999694824219,101.81999969482422,2011.9000244140625,4.026000022888184,2.010999917984009,4105.02001953125
2023-04-10,84.18000030517578,79.73999786376953,102.58000183105469,1989.0999755859375,3.9865000247955322,2.171999931335449,4109.10986328125
2023-04-11,85.61000061035156,81.52999877929688,102.19999694824219,2004.800048828125,4.024499893188477,2.186000108718872,4108.93994140625
2023-04-12,87.33000183105469,83.26000213623047,101.5,2010.9000244140625,4.084499835968018,2.0929999351501465,4091.949951171875
2023-04-13,86.08999633789062,82.16000366210938,101.01000213623047,2041.300048828125,4.124000072479248,2.006999969482422,4146.22021484375
2023-04-14,86.30999755859375,82.5199966430664,101.55000305175781,2002.199951171875,4.107500076293945,2.114000082015991,4137.64013671875
2023-04-17,84.76000213623047,80.83000183105469,102.0999984741211,1994.199951171875,4.065999984741211,2.2750000953674316,4151.31982421875
2023-04-18,84.7699966430664,80.86000061035156,101.75,2007.4000244140625,4.0894999504089355,2.365999937057495,4154.8701171875
2023-04-19,83.12000274658203,79.16000366210938,101.97000122070312,1995.199951171875,4.072000026702881,2.2219998836517334,4154.52001953125
2023-04-20,81.0999984741211,77.29000091552734,101.83999633789062,2007.5999755859375,4.021999835968018,2.249000072479248,4129.7900390625
2023-04-21,81.66000366210938,77.87000274658203,101.81999969482422,1979.5,3.9800000190734863,2.2330000400543213,4133.52001953125
2023-04-24,82.7300033569336,78.76000213623047,101.3499984741211,1989.0999755859375,3.953000068664551,2.2730000019073486,4137.0400390625
2023-04-25,80.7699966430664,77.06999969482422,101.86000061035156,1994.0,3.8459999561309814,2.306999921798706,4071.6298828125
2023-04-26,77.69000244140625,74.30000305175781,101.47000122070312,1985.699951171875,3.8499999046325684,2.117000102996826,4055.989990234375
2023-04-27,78.37000274658203,74.76000213623047,101.5,1989.9000244140625,3.864500045776367,2.3550000190734863,4135.35009765625
2023-04-28,79.54000091552734,76.77999877929688,101.66999816894531,1990.0999755859375,3.869999885559082,2.4100000858306885,4169.47998046875
2023-05-01,79.30999755859375,75.66000366210938,102.1500015258789,1983.4000244140625,3.9170000553131104,2.318000078201294,4167.8701171875
2023-05-02,75.31999969482422,71.66000366210938,101.95999908447266,2014.300048828125,3.8480000495910645,2.2139999866485596,4119.580078125
2023-05-03,72.33000183105469,68.5999984741211,101.33999633789062,2028.5999755859375,3.8315000534057617,2.1700000762939453,4090.75
2023-05-04,72.5,68.55999755859375,101.4000015258789,2048.0,3.8499999046325684,2.1010000705718994,4061.219970703125
2023-05-05,75.30000305175781,71.33999633789062,101.20999908447266,2017.4000244140625,3.871500015258789,2.13700008392334,4136.25
2023-05-08,77.01000213623047,73.16000366210938,101.37000274658203,2026.300048828125,3.9179999828338623,2.23799991607666,4138.1201171875
2023-05-09,77.44000244140625,73.70999908447266,101.63999938964844,2036.199951171875,3.8889999389648438,2.2669999599456787,4119.169921875
2023-05-10,76.41000366210938,72.55999755859375,101.4800033569336,2030.5,3.828000068664551,2.190999984741211,4137.64013671875
2023-05-11,74.9800033569336,70.87000274658203,102.05999755859375,2014.699951171875,3.697499990463257,2.190000057220459,4130.6201171875
2023-05-12,74.16999816894531,70.04000091552734,102.68000030517578,2014.5,3.7165000438690186,2.2660000324249268,4124.080078125
2023-05-15,75.2300033569336,71.11000061035156,102.43000030517578,2018.0,3.737499952316284,2.375,4136.27978515625
2023-05-16,74.91000366210938,70.86000061035156,102.55999755859375,1988.4000244140625,3.6545000076293945,2.375999927520752,4109.89990234375
2023-05-17,76.95999908447266,72.83000183105469,102.87999725341797,1980.699951171875,3.743000030517578,2.365000009536743,4158.77001953125
2023-05-18,75.86000061035156,71.86000061035156,103.58000183105469,1956.5,3.68149995803833,2.5920000076293945,4198.0498046875
2023-05-19,75.58000183105469,71.55000305175781,103.19999694824219,1978.699951171875,3.7225000858306885,2.5850000381469727,4191.97998046875
2023-05-22,75.98999786376953,71.98999786376953,103.19999694824219,1974.800048828125,3.6740000247955322,2.4000000953674316,4192.6298828125
2023-05-23,76.83999633789062,72.91000366210938,103.48999786376953,1972.4000244140625,3.6414999961853027,2.321000099182129,4145.580078125
2023-05-24,78.36000061035156,74.33999633789062,103.88999938964844,1962.800048828125,3.553499937057495,2.3980000019073486,4115.240234375
2023-05-25,76.26000213623047,71.83000183105469,104.20999908447266,1943.0999755859375,3.5804998874664307,2.306999921798706,4151.27978515625
2023-05-26,76.94999694824219,72.66999816894531,104.20999908447266,1944.0999755859375,3.6735000610351562,2.180999994277954,4205.4501953125
2023-05-30,73.54000091552734,69.45999908447266,104.16999816894531,1958.0,3.6579999923706055,2.3269999027252197,4205.52001953125
2023-05-31,72.66000366210938,68.08999633789062,104.31999969482422,1963.9000244140625,3.63100004196167,2.2660000324249268,4179.830078125
2023-06-01,74.27999877929688,70.0999984741211,103.55999755859375,1978.0,3.7065000534057617,2.1579999923706055,4221.02001953125
2023-06-02,76.12999725341797,71.73999786376953,104.0199966430664,1952.4000244140625,3.7225000858306885,2.171999931335449,4282.3701171875
2023-06-05,76.70999908447266,72.1500015258789,104.0,1958.0,3.762500047683716,2.244999885559082,4273.7900390625
2023-06-06,76.29000091552734,71.73999786376953,104.12999725341797,1965.5,3.7669999599456787,2.26200008392334,4283.85009765625
2023-06-07,76.94999694824219,72.52999877929688,104.0999984741211,1942.699951171875,3.754499912261963,2.3289999961853027,4267.52001953125
2023-06-08,75.95999908447266,71.29000091552734,103.33999633789062,1963.5999755859375,3.7964999675750732,2.3519999980926514,4293.93017578125
2023-06-09,74.79000091552734,70.16999816894531,103.55999755859375,1962.199951171875,3.7890000343322754,2.253999948501587,4298.85986328125
2023-06-12,71.83999633789062,67.12000274658203,103.62999725341797,1955.300048828125,3.750499963760376,2.2660000324249268,4338.93017578125
2023-06-13,74.29000091552734,69.41999816894531,103.33999633789062,1944.5999755859375,3.8285000324249268,2.3399999141693115,4369.009765625
2023-06-14,73.19999694824219,68.2699966430664,103.01000213623047,1955.300048828125,3.865999937057495,2.3420000076293945,4372.58984375
2023-06-15,75.66999816894531,70.62000274658203,102.12000274658203,1957.800048828125,3.8965001106262207,2.5329999923706055,4425.83984375
2023-06-16,76.61000061035156,71.77999877929688,102.30000305175781,1958.4000244140625,3.884500026702881,2.631999969482422,4409.58984375
2023-06-20,75.9000015258789,70.5,102.54000091552734,1935.5,3.878499984741211,2.492000102996826,4388.7099609375
2023-06-21,77.12000274658203,72.52999877929688,102.06999969482422,1933.300048828125,3.9110000133514404,2.5969998836517334,4365.68994140625
2023-06-22,74.13999938964844,69.51000213623047,102.38999938964844,1912.699951171875,3.8884999752044678,2.6080000400543213,4381.89013671875
2023-06-23,73.8499984741211,69.16000366210938,102.9000015258789,1919.0999755859375,3.805999994277954,2.7290000915527344,4348.330078125
2023-06-26,74.18000030517578,69.37000274658203,102.69000244140625,1923.699951171875,3.7864999771118164,2.7909998893737793,4328.81982421875
2023-06-27,72.26000213623047,67.69999694824219,102.48999786376953,1914.0,3.7815001010894775,2.763000011444092,4378.41015625
2023-06-28,74.02999877929688,69.55999755859375,102.91000366210938,1912.300048828125,3.7204999923706055,2.6029999256134033,4376.85986328125
2023-06-29,74.33999633789062,69.86000061035156,103.33999633789062,1909.199951171875,3.677500009536743,2.7009999752044678,4396.43994140625
2023-06-30,74.9000015258789,70.63999938964844,102.91000366210938,1921.0999755859375,3.740999937057495,2.7980000972747803,4450.3798828125
2023-07-03,74.6500015258789,69.79000091552734,102.98999786376953,1921.699951171875,3.7790000438690186,2.7090001106262207,4455.58984375
2023-07-05,76.6500015258789,71.79000091552734,103.37000274658203,1919.5999755859375,3.753499984741211,2.6570000648498535,4446.81982421875
2023-07-06,76.5199966430664,71.80000305175781,103.16999816894531,1908.699951171875,3.7200000286102295,2.6089999675750732,4411.58984375
2023-07-07,78.47000122070312,73.86000061035156,102.2699966430664,1926.199951171875,3.7669999599456787,2.5820000171661377,4398.9501953125
2023-07-10,77.69000244140625,72.98999786376953,101.97000122070312,1925.0,3.7715001106262207,2.6689999103546143,4409.52978515625
2023-07-11,79.4000015258789,74.83000183105469,101.7300033569336,1931.300048828125,3.753499984741211,2.7309999465942383,4439.259765625
2023-07-12,80.11000061035156,75.75,100.5199966430664,1956.199951171875,3.8420000076293945,2.631999969482422,4472.16015625
2023-07-13,81.36000061035156,76.88999938964844,99.7699966430664,1959.199951171875,3.929500102996826,2.5450000762939453,4510.0400390625
2023-07-14,79.87000274658203,75.41999816894531,99.91000366210938,1960.0999755859375,3.921999931335449,2.5390000343322754,4505.419921875
2023-07-17,78.5,74.1500015258789,99.83999633789062,1952.4000244140625,3.8320000171661377,2.51200008392334,4522.7900390625
2023-07-18,79.62999725341797,75.75,99.94000244140625,1977.199951171875,3.815999984741211,2.628999948501587,4554.97998046875
2023-07-19,79.45999908447266,75.3499984741211,100.27999877929688,1977.5,3.799499988555908,2.6029999256134033,4565.72021484375
2023-07-20,79.63999938964844,75.62999725341797,100.87999725341797,1968.300048828125,3.817500114440918,2.756999969482422,4534.8701171875
2023-07-21,81.06999969482422,77.06999969482422,101.06999969482422,1964.300048828125,3.802999973297119,2.7130000591278076,4536.33984375
2023-07-24,82.73999786376953,78.73999786376953,101.3499984741211,1960.300048828125,3.8405001163482666,2.684999942779541,4554.64013671875
2023-07-25,83.63999938964844,79.62999725341797,101.3499984741211,1962.0999755859375,3.9019999504089355,2.7300000190734863,4567.4599609375
2023-07-26,82.91999816894531,78.77999877929688,100.88999938964844,1968.9000244140625,3.890500068664551,2.6649999618530273,4566.75
2023-07-27,84.23999786376953,80.08999633789062,101.7699966430664,1945.4000244140625,3.8635001182556152,2.492000102996826,4537.41015625
2023-07-28,84.98999786376953,80.58000183105469,101.62000274658203,1960.4000244140625,3.9170000553131104,2.638000011444092,4582.22998046875
2023-07-31,85.55999755859375,81.80000305175781,101.86000061035156,1970.5,3.994499921798706,2.634000062942505,4588.9599609375
2023-08-01,84.91000366210938,81.37000274658203,102.30000305175781,1940.699951171875,3.8935000896453857,2.559999942779541,4576.72998046875
2023-08-02,83.19999694824219,79.48999786376953,102.58999633789062,1937.4000244140625,3.827500104904175,2.4769999980926514,4513.39013671875
2023-08-03,85.13999938964844,81.55000305175781,102.54000091552734,1932.0,3.875999927520752,2.565000057220459,4501.89013671875
2023-08-04,86.23999786376953,82.81999969482422,102.0199966430664,1939.5999755859375,3.8450000286102295,2.5769999027252197,4478.02978515625
2023-08-07,85.33999633789062,81.94000244140625,102.05000305175781,1933.5,3.812999963760376,2.7249999046325684,4518.43994140625
2023-08-08,86.16999816894531,82.91999816894531,102.52999877929688,1924.0999755859375,3.747999906539917,2.7769999504089355,4499.3798828125
2023-08-09,87.55000305175781,84.4000015258789,102.48999786376953,1915.4000244140625,3.7674999237060547,2.9590001106262207,4467.7099609375
2023-08-10,86.4000015258789,82.81999969482422,102.5199966430664,1914.4000244140625,3.750999927520752,2.763000011444092,4468.830078125
2023-08-11,86.80999755859375,83.19000244140625,102.83999633789062,1912.9000244140625,3.7144999504089355,2.7699999809265137,4464.0498046875
2023-08-14,86.20999908447266,82.51000213623047,103.19000244140625,1910.5999755859375,3.7244999408721924,2.7950000762939453,4489.72021484375
2023-08-15,84.88999938964844,80.98999786376953,103.20999908447266,1902.5,3.6614999771118164,2.6589999198913574,4437.85986328125
2023-08-16,83.44999694824219,79.37999725341797,103.41999816894531,1896.0999755859375,3.6514999866485596,2.5920000076293945,4404.330078125
2023-08-17,84.12000274658203,80.38999938964844,103.44000244140625,1884.0999755859375,3.685499906539917,2.621000051498413,4370.35986328125
2023-08-18,84.80000305175781,81.25,103.37999725341797,1886.0999755859375,3.6989998817443848,2.5510001182556152,4369.7099609375
2023-08-21,84.45999908447266,80.72000122070312,103.33000183105469,1893.300048828125,3.7119998931884766,2.631999969482422,4399.77001953125
2023-08-22,84.02999877929688,80.3499984741211,103.55999755859375,1896.4000244140625,3.750499963760376,2.559999942779541,4387.5498046875
2023-08-23,83.20999908447266,78.88999938964844,103.36000061035156,1918.5,3.803499937057495,2.496999979019165,4436.009765625
2023-08-24,83.36000061035156,79.05000305175781,103.9800033569336,1918.199951171875,3.7674999237060547,2.5190000534057617,4376.31005859375
2023-08-25,84.4800033569336,79.83000183105469,104.08000183105469,1911.0999755859375,3.759999990463257,2.5399999618530273,4405.7099609375
2023-08-28,84.41999816894531,80.0999984741211,104.05999755859375,1917.9000244140625,3.753999948501587,2.5789999961853027,4433.31005859375
2023-08-29,85.48999786376953,81.16000366210938,103.55000305175781,1936.5,3.7929999828338623,2.555999994277954,4497.6298828125
2023-08-30,85.86000061035156,81.62999725341797,103.16000366210938,1944.300048828125,3.7850000858306885,2.7960000038146973,4514.8701171875
2023-08-31,86.86000061035156,83.62999725341797,103.62000274658203,1938.199951171875,3.7725000381469727,2.7679998874664307,4507.66015625
2023-09-01,88.55000305175781,85.55000305175781,104.23999786376953,1939.800048828125,3.8125,2.765000104904175,4515.77001953125
2023-09-05,90.04000091552734,86.69000244140625,104.80999755859375,1926.199951171875,3.811000108718872,2.5820000171661377,4496.830078125
2023-09-06,90.5999984741211,87.54000091552734,104.86000061035156,1918.0999755859375,3.748500108718872,2.509999990463257,4465.47998046875
2023-09-07,89.91999816894531,86.87000274658203,105.05999755859375,1917.5,3.7260000705718994,2.5789999961853027,4451.14013671875
2023-09-08,90.6500015258789,87.51000213623047,105.08999633789062,1918.4000244140625,3.680500030517578,2.6050000190734863,4457.490234375
2023-09-11,90.63999938964844,87.29000091552734,104.56999969482422,1923.300048828125,3.7699999809265137,2.6080000400543213,4487.4599609375
2023-09-12,92.05999755859375,88.83999633789062,104.70999908447266,1911.300048828125,3.752000093460083,2.743000030517578,4461.89990234375
2023-09-13,91.87999725341797,88.5199966430664,104.7699966430664,1909.0999755859375,3.75600004196167,2.680000066757202,4467.43994140625
2023-09-14,93.69999694824219,90.16000366210938,105.41000366210938,1910.0,3.7825000286102295,2.7079999446868896,4505.10009765625
2023-09-15,93.93000030517578,90.7699966430664,105.31999969482422,1923.699951171875,3.7634999752044678,2.6440000534057617,4450.31982421875
2023-09-18,94.43000030517578,91.4800033569336,105.19999694824219,1931.5,3.741499900817871,2.7279999256134033,4453.52978515625
2023-09-19,94.33999633789062,91.19999694824219,105.19999694824219,1932.0,3.7139999866485596,2.8480000495910645,4443.9501953125
2023-09-20,93.52999877929688,90.27999877929688,105.16000366210938,1945.5999755859375,3.746500015258789,2.7330000400543213,4402.2001953125
2023-09-21,93.30000305175781,89.62999725341797,105.36000061035156,1919.199951171875,3.6665000915527344,2.609999895095825,4330.0
2023-09-22,93.2699966430664,90.02999877929688,105.58000183105469,1925.4000244140625,3.6654999256134033,2.63700008392334,4320.06005859375
2023-09-25,93.29000091552734,89.68000030517578,106.0,1916.5999755859375,3.6494998931884766,2.6389999389648438,4337.43994140625
2023-09-26,93.95999908447266,90.38999938964844,106.2300033569336,1900.4000244140625,3.625,2.6559998989105225,4273.52978515625
2023-09-27,96.55000305175781,93.68000030517578,106.66999816894531,1871.5999755859375,3.627000093460083,2.7639999389648438,4274.509765625
2023-09-28,95.37999725341797,91.70999908447266,106.22000122070312,1860.4000244140625,3.694499969482422,2.944999933242798,4299.7001953125
2023-09-29,95.30999755859375,90.79000091552734,106.16999816894531,1848.0999755859375,3.7260000705718994,2.928999900817871,4288.0498046875
2023-10-02,90.70999908447266,88.81999969482422,106.9000015258789,1830.0,3.631999969482422,2.8399999141693115,4288.39013671875
2023-10-03,90.91999816894531,89.2300033569336,107.0,1824.5999755859375,3.615499973297119,2.9489998817443848,4229.4501953125
2023-10-04,85.80999755859375,84.22000122070312,106.80000305175781,1818.5,3.5840001106262207,2.9619998931884766,4263.75
2023-10-05,84.06999969482422,82.30999755859375,106.33000183105469,1816.5999755859375,3.546999931335449,3.1659998893737793,4258.18994140625
2023-10-06,84.58000183105469,82.79000091552734,106.04000091552734,1830.199951171875,3.624500036239624,3.3380000591278076,4308.5
2023-10-09,88.1500015258789,86.37999725341797,106.08000183105469,1849.5,3.6424999237060547,3.375999927520752,4335.66015625
2023-10-10,87.6500015258789,85.97000122070312,105.83000183105469,1861.0,3.631999969482422,3.381999969482422,4358.240234375
2023-10-11,85.81999969482422,83.48999786376953,105.81999969482422,1872.800048828125,3.614000082015991,3.377000093460083,4376.9501953125
2023-10-12,86.0,82.91000366210938,106.56999969482422,1869.300048828125,3.5940001010894775,3.3440001010894775,4349.60986328125
2023-10-13,90.88999938964844,87.69000244140625,106.6500015258789,1927.4000244140625,3.5799999237060547,3.2360000610351562,4327.77978515625
2023-10-16,89.6500015258789,86.66000366210938,106.23999786376953,1921.0999755859375,3.5869998931884766,3.1089999675750732,4373.6298828125
2023-10-17,89.9000015258789,86.66000366210938,106.25,1922.699951171875,3.575500011444092,3.0789999961853027,4373.2001953125
2023-10-18,91.5,88.31999969482422,106.56999969482422,1955.300048828125,3.5820000171661377,3.055999994277954,4314.60009765625
2023-10-19,92.37999725341797,89.37000274658203,106.25,1968.4000244140625,3.5915000438690186,2.9570000171661377,4278.0
2023-10-20,92.16000366210938,88.75,106.16000366210938,1982.5,3.5420000553131104,2.8989999294281006,4224.16015625
2023-10-23,89.83000183105469,85.48999786376953,105.54000091552734,1976.300048828125,3.572999954223633,2.9260001182556152,4217.0400390625
2023-10-24,88.06999969482422,83.73999786376953,106.2699966430664,1975.0,3.609999895095825,2.9709999561309814,4247.68017578125
2023-10-25,90.12999725341797,85.38999938964844,106.52999877929688,1984.0999755859375,3.572000026702881,3.009999990463257,4186.77001953125
2023-10-26,87.93000030517578,83.20999908447266,106.5999984741211,1987.199951171875,3.56850004196167,3.2139999866485596,4137.22998046875
2023-10-27,90.4800033569336,85.54000091552734,106.55999755859375,1988.5999755859375,3.634000062942505,3.1640000343322754,4117.3701171875
2023-10-30,87.44999694824219,82.30999755859375,106.12000274658203,1996.199951171875,3.6494998931884766,3.3519999980926514,4166.81982421875
2023-10-31,87.41000366210938,81.0199966430664,106.66000366210938,1985.199951171875,3.6414999961853027,3.575000047683716,4193.7998046875
2023-11-01,84.62999725341797,80.44000244140625,106.87999725341797,1978.800048828125,3.6449999809265137,3.49399995803833,4237.85986328125
2023-11-02,86.8499984741211,82.45999908447266,106.12000274658203,1985.5999755859375,3.6670000553131104,3.4719998836517334,4317.77978515625
2023-11-03,84.88999938964844,80.51000213623047,105.0199966430664,1991.5,3.674499988555908,3.515000104904175,4358.33984375
2023-11-06,85.18000030517578,80.81999969482422,105.22000122070312,1981.5999755859375,3.7095000743865967,3.2639999389648438,4365.97998046875
2023-11-07,81.61000061035156,77.37000274658203,105.54000091552734,1966.800048828125,3.6700000762939453,3.140000104904175,4378.3798828125
2023-11-08,79.54000091552734,75.33000183105469,105.58999633789062,1951.5,3.628000020980835,3.1059999465942383,4382.77978515625
2023-11-09,80.01000213623047,75.73999786376953,105.91000366210938,1964.199951171875,3.634999990463257,3.0409998893737793,4347.35009765625
2023-11-10,81.43000030517578,77.16999816894531,105.86000061035156,1932.5999755859375,3.5834999084472656,3.0329999923706055,4415.240234375
2023-11-13,82.5199966430664,78.26000213623047,105.66000366210938,1945.5,3.6624999046325684,3.197000026702881,4411.5498046875
2023-11-14,82.47000122070312,78.26000213623047,104.11000061035156,1961.800048828125,3.682499885559082,3.1059999465942383,4495.7001953125
2023-11-15,81.18000030517578,76.66000366210938,104.38999938964844,1960.0999755859375,3.7174999713897705,3.190000057220459,4502.8798828125
2023-11-16,77.41999816894531,72.9000015258789,104.37000274658203,1983.9000244140625,3.7044999599456787,3.062000036239624,4508.240234375
2023-11-17,80.61000061035156,75.88999938964844,103.81999969482422,1981.5999755859375,3.737499952316284,2.9600000381469727,4514.02001953125
2023-11-20,82.31999969482422,77.5999984741211,103.47000122070312,1977.699951171875,3.8125,2.881999969482422,4547.3798828125
2023-11-21,82.44999694824219,77.7699966430664,103.58999633789062,1999.300048828125,3.814500093460083,2.8459999561309814,4538.18994140625
2023-11-22,81.95999908447266,77.0999984741211,103.91999816894531,1991.4000244140625,3.7664999961853027,2.8970000743865967,4556.6201171875
2023-11-23,81.37000274658203,,,,3.7790000438690186,2.934000015258789,
2023-11-24,80.58000183105469,75.54000091552734,103.4000015258789,2002.199951171875,3.7964999675750732,2.8550000190734863,4559.33984375
2023-11-27,79.9800033569336,74.86000061035156,103.19999694824219,2011.800048828125,3.762500047683716,2.7939999103546143,4550.43017578125
2023-11-28,81.68000030517578,76.41000366210938,102.75,2039.699951171875,3.8010001182556152,2.7060000896453857,4554.89013671875
2023-11-29,83.0999984741211,77.86000061035156,102.7699966430664,2047.0999755859375,3.7860000133514404,2.803999900817871,4550.580078125
2023-11-30,82.83000183105469,75.95999908447266,103.5,2038.0999755859375,3.8289999961853027,2.802000045776367,4567.7998046875
2023-12-01,78.87999725341797,74.06999969482422,103.2699966430664,2071.0,3.9089999198913574,2.813999891281128,4594.6298828125
2023-12-04,78.02999877929688,73.04000091552734,103.63999938964844,2024.0999755859375,3.820499897003174,2.694000005722046,4569.77978515625
2023-12-05,77.19999694824219,72.31999969482422,104.05000305175781,2018.5,3.7725000381469727,2.7100000381469727,4567.18017578125
2023-12-06,74.30000305175781,69.37999725341797,104.1500015258789,2030.5,3.7165000438690186,2.569000005722046,4549.33984375
2023-12-07,74.05000305175781,69.33999633789062,103.54000091552734,2029.9000244140625,3.7844998836517334,2.5850000381469727,4585.58984375
2023-12-08,75.83999633789062,71.2300033569336,104.01000213623047,1998.300048828125,3.819999933242798,2.5810000896453857,4604.3701171875
2023-12-11,76.02999877929688,71.31999969482422,104.0999984741211,1978.0,3.7799999713897705,2.430999994277954,4622.43994140625
2023-12-12,73.23999786376953,68.61000061035156,103.87000274658203,1977.800048828125,3.7860000133514404,2.311000108718872,4643.7001953125
2023-12-13,74.26000213623047,69.47000122070312,102.87000274658203,1982.300048828125,3.7860000133514404,2.3350000381469727,4707.08984375
2023-12-14,76.61000061035156,71.58000183105469,101.95999908447266,2030.199951171875,3.8884999752044678,2.3919999599456787,4719.5498046875
2023-12-15,76.55000305175781,71.43000030517578,102.55000305175781,2021.0999755859375,3.884999990463257,2.490999937057495,4719.18994140625
2023-12-18,77.94999694824219,72.47000122070312,102.51000213623047,2026.300048828125,3.8480000495910645,2.503000020980835,4740.56005859375
2023-12-19,79.2300033569336,73.44000244140625,102.16999816894531,2038.4000244140625,3.8959999084472656,2.492000102996826,4768.3701171875
2023-12-20,79.69999694824219,74.22000122070312,102.41000366210938,2034.5,3.9014999866485596,2.447000026702881,4698.35009765625
2023-12-21,79.38999938964844,73.88999938964844,101.83999633789062,2039.0999755859375,3.9084999561309814,2.572000026702881,4746.75
2023-12-22,79.06999969482422,73.55999755859375,101.69999694824219,2057.10009765625,3.8954999446868896,2.609999895095825,4754.6298828125
2023-12-26,81.06999969482422,75.56999969482422,101.47000122070312,2058.199951171875,3.8954999446868896,2.549999952316284,4774.75
2023-12-27,79.6500015258789,74.11000061035156,100.98999786376953,2081.89990234375,3.94350004196167,2.61899995803833,4781.580078125
2023-12-28,78.38999938964844,71.7699966430664,101.2300033569336,2073.89990234375,3.9130001068115234,2.556999921798706,4783.35009765625
2023-12-29,77.04000091552734,71.6500015258789,101.33000183105469,2062.39990234375,3.880500078201294,2.5139999389648438,4769.830078125
2024-01-02,75.88999938964844,70.37999725341797,102.19999694824219,2064.39990234375,3.86899995803833,2.568000078201294,4742.830078125
2024-01-03,78.25,72.69999694824219,102.45999908447266,2034.199951171875,3.8475000858306885,2.6679999828338623,4704.81005859375
2024-01-04,77.58999633789062,72.19000244140625,102.41999816894531,2042.300048828125,3.8310000896453857,2.821000099182129,4688.68017578125
2024-01-05,78.76000213623047,73.80999755859375,102.41000366210938,2042.4000244140625,3.7945001125335693,2.8929998874664307,4697.240234375
2024-01-08,76.12000274658203,70.7699966430664,102.20999908447266,2026.5999755859375,3.799499988555908,2.9800000190734863,4763.5400390625
2024-01-09,77.58999633789062,72.23999786376953,102.56999969482422,2026.4000244140625,3.748500108718872,3.190000057220459,4756.5
2024-01-10,76.80000305175781,71.37000274658203,102.36000061035156,2021.699951171875,3.7809998989105225,3.0390000343322754,4783.4501953125
2024-01-11,77.41000366210938,72.0199966430664,102.29000091552734,2014.300048828125,3.7764999866485596,3.0969998836517334,4780.240234375
2024-01-12,78.29000091552734,72.68000030517578,102.4000015258789,2046.699951171875,3.740000009536743,3.312999963760376,4783.830078125
2024-01-16,78.29000091552734,72.4000015258789,103.36000061035156,2026.0,3.7664999961853027,2.9000000953674316,4765.97998046875
2024-01-17,77.87999725341797,72.55999755859375,103.44999694824219,2002.5999755859375,3.7325000762939453,2.869999885559082,4739.2099609375
2024-01-18,79.0999984741211,74.08000183105469,103.54000091552734,2018.5999755859375,3.744999885559082,2.697000026702881,4780.93994140625
2024-01-19,78.55999755859375,73.41000366210938,103.29000091552734,2026.5,3.7869999408721924,2.5190000534057617,4839.81005859375
2024-01-22,80.05999755859375,75.19000244140625,103.33000183105469,2019.800048828125,3.7639999389648438,2.4189999103546143,4850.43017578125
2024-01-23,79.55000305175781,74.37000274658203,103.62000274658203,2023.699951171875,3.7904999256134033,2.450000047683716,4864.60009765625
2024-01-24,80.04000091552734,75.08999633789062,103.23999786376953,2013.9000244140625,3.882499933242798,2.6410000324249268,4868.5498046875
2024-01-25,82.43000030517578,77.36000061035156,103.56999969482422,2016.9000244140625,3.865499973297119,2.571000099182129,4894.16015625
2024-01-26,83.55000305175781,78.01000213623047,103.47000122070312,2016.800048828125,3.8505001068115234,2.7119998931884766,4890.97021484375
2024-01-29,82.4000015258789,76.77999877929688,103.61000061035156,2025.199951171875,3.872999906539917,2.490000009536743,4927.93017578125
2024-01-30,82.87000274658203,77.81999969482422,103.4000015258789,2031.5,3.9065001010894775,2.0769999027252197,4924.97021484375
2024-01-31,81.70999908447266,75.8499984741211,103.2699966430664,2048.39990234375,3.9024999141693115,2.0999999046325684,4845.64990234375
2024-02-01,78.69999694824219,73.81999969482422,103.05000305175781,2053.0,3.8524999618530273,2.049999952316284,4906.18994140625
2024-02-02,77.33000183105469,72.27999877929688,103.91999816894531,2036.0999755859375,3.821500062942505,2.0789999961853027,4958.60986328125
2024-02-05,77.98999786376953,72.77999877929688,104.44999694824219,2025.699951171875,3.7720000743865967,2.0820000171661377,4942.81005859375
2024-02-06,78.58999633789062,73.30999755859375,104.18000030517578,2034.5,3.7825000286102295,2.009000062942505,4954.22998046875
2024-02-07,79.20999908447266,73.86000061035156,104.04000091552734,2035.199951171875,3.737499952316284,1.9670000076293945,4995.06005859375
2024-02-08,81.62999725341797,76.22000122070312,104.1500015258789,2032.199951171875,3.7054998874664307,1.9170000553131104,4997.91015625
2024-02-09,82.19000244140625,76.83999633789062,104.08000183105469,2023.300048828125,3.686000108718872,1.847000002861023,5026.60986328125
2024-02-12,82.0,76.91999816894531,104.16999816894531,2018.199951171875,3.7284998893737793,1.7680000066757202,5021.83984375
2024-02-13,82.7699966430664,77.87000274658203,104.95999908447266,1992.9000244140625,3.7139999866485596,1.6890000104904175,4953.169921875
2024-02-14,81.5999984741211,76.63999938964844,104.72000122070312,1990.300048828125,3.700500011444092,1.6089999675750732,5000.6201171875
2024-02-15,82.86000061035156,78.02999877929688,104.30000305175781,2002.0999755859375,3.756500005722046,1.5809999704360962,5029.72998046875
2024-02-16,83.47000122070312,79.19000244140625,104.27999877929688,2011.5,3.8380000591278076,1.6089999675750732,5005.56982421875
2024-02-20,82.33999633789062,78.18000030517578,104.08000183105469,2027.5,3.866499900817871,1.5759999752044678,4975.509765625
2024-02-21,83.02999877929688,77.91000366210938,104.01000213623047,2022.300048828125,3.874500036239624,1.7730000019073486,4981.7998046875
2024-02-22,83.66999816894531,78.61000061035156,103.95999908447266,2019.699951171875,3.8975000381469727,1.7319999933242798,5087.02978515625
2024-02-23,81.62000274658203,76.48999786376953,103.94000244140625,2038.5999755859375,3.881999969482422,1.6030000448226929,5088.7998046875
2024-02-26,82.52999877929688,77.58000183105469,103.83000183105469,2028.5,3.8239998817443848,1.659000039100647,5069.52978515625
2024-02-27,83.6500015258789,78.87000274658203,103.83000183105469,2034.0,3.8310000896453857,1.6150000095367432,5078.18017578125
2024-02-28,83.68000030517578,78.54000091552734,103.9800033569336,2033.0,3.827500104904175,1.8849999904632568,5069.759765625
2024-02-29,83.62000274658203,78.26000213623047,104.16000366210938,2045.699951171875,3.8345000743865967,1.8600000143051147,5096.27001953125
2024-03-01,83.55000305175781,79.97000122070312,103.86000061035156,2086.89990234375,3.8550000190734863,1.8350000381469727,5137.080078125
2024-03-04,82.80000305175781,78.73999786376953,103.83000183105469,2117.699951171875,3.8519999980926514,1.9160000085830688,5130.9501953125
2024-03-05,82.04000091552734,78.1500015258789,103.80000305175781,2133.5,3.8440001010894775,1.9570000171661377,5078.64990234375
2024-03-06,82.95999908447266,79.12999725341797,103.37000274658203,2150.300048828125,3.870500087738037,1.9290000200271606,5104.759765625
2024-03-07,82.95999908447266,78.93000030517578,102.81999969482422,2158.0,3.9195001125335693,1.8179999589920044,5157.35986328125
2024-03-08,82.08000183105469,78.01000213623047,102.73999786376953,2178.60009765625,3.884999990463257,1.8049999475479126,5123.68994140625
2024-03-11,82.20999908447266,77.93000030517578,102.87000274658203,2182.5,3.922499895095825,1.7589999437332153,5117.93994140625
2024-03-12,81.91999816894531,77.55999755859375,102.95999908447266,2160.39990234375,3.924999952316284,1.7139999866485596,5175.27001953125
2024-03-13,84.02999877929688,79.72000122070312,102.79000091552734,2175.39990234375,4.052499771118164,1.6579999923706055,5165.31005859375
2024-03-14,85.41999816894531,81.26000213623047,103.36000061035156,2163.0,4.0370001792907715,1.7410000562667847,5150.47998046875
2024-03-15,85.33999633789062,81.04000091552734,103.43000030517578,2157.300048828125,4.112500190734863,1.6549999713897705,5117.08984375
2024-03-18,86.88999938964844,82.72000122070312,103.58000183105469,2160.699951171875,4.114500045776367,1.7029999494552612,5149.419921875
2024-03-19,87.37999725341797,83.47000122070312,103.80999755859375,2156.300048828125,4.058499813079834,1.74399995803833,5178.509765625
2024-03-20,85.94999694824219,81.68000030517578,103.41000366210938,2157.89990234375,4.03849983215332,1.6990000009536743,5224.6201171875
2024-03-21,85.77999877929688,81.06999969482422,104.0,2182.39990234375,4.046500205993652,1.6829999685287476,5241.52978515625
2024-03-22,85.43000030517578,80.62999725341797,104.43000030517578,2158.10009765625,3.996000051498413,1.659000039100647,5234.18017578125
2024-03-25,86.75,81.94999694824219,104.2300033569336,2174.800048828125,4.006999969482422,1.6150000095367432,5218.18994140625
2024-03-26,86.25,81.62000274658203,104.29000091552734,2175.60009765625,3.996000051498413,1.5750000476837158,5203.580078125
2024-03-27,86.08999633789062,81.3499984741211,104.3499984741211,2190.60009765625,3.992500066757202,1.718000054359436,5248.490234375
2024-03-28,87.4800033569336,83.16999816894531,104.55000305175781,2217.39990234375,4.003499984741211,1.7630000114440918,5254.35009765625
2024-04-01,87.41999816894531,83.70999908447266,105.0199966430664,2236.5,4.046000003814697,1.8370000123977661,5243.77001953125
2024-04-02,88.91999816894531,85.1500015258789,104.81999969482422,2261.0,4.070000171661377,1.8619999885559082,5205.81005859375
2024-04-03,89.3499984741211,85.43000030517578,104.25,2294.39990234375,4.192999839782715,1.840999960899353,5211.490234375
2024-04-04,90.6500015258789,86.58999633789062,104.12000274658203,2288.800048828125,4.246500015258789,1.7740000486373901,5147.2099609375
2024-04-05,91.16999816894531,86.91000366210938,104.30000305175781,2325.699951171875,4.239500045776367,1.784999966621399,5204.33984375
2024-04-08,90.37999725341797,86.43000030517578,104.13999938964844,2331.699951171875,4.2769999504089355,1.843999981880188,5202.39013671875
2024-04-09,89.41999816894531,85.2300033569336,104.1500015258789,2343.5,4.285999774932861,1.871999979019165,5209.91015625
2024-04-10,90.4800033569336,86.20999908447266,105.25,2329.60009765625,4.2820000648498535,1.8849999904632568,5160.64013671875
2024-04-11,89.73999786376953,85.0199966430664,105.27999877929688,2354.800048828125,4.251999855041504,1.7640000581741333,5199.06005859375
2024-04-12,90.44999694824219,85.66000366210938,106.04000091552734,2356.199951171875,4.257500171661377,1.7699999809265137,5123.41015625
2024-04-15,90.0999984741211,85.41000366210938,106.20999908447266,2365.800048828125,4.379000186920166,1.690999984741211,5061.81982421875
2024-04-16,90.0199966430664,85.36000061035156,106.26000213623047,2390.800048828125,4.305500030517578,1.7319999933242798,5051.41015625
2024-04-17,87.29000091552734,82.69000244140625,105.94999694824219,2371.699951171875,4.34250020980835,1.7120000123977661,5022.2099609375
2024-04-18,87.11000061035156,82.7300033569336,106.1500015258789,2382.300048828125,4.440499782562256,1.7569999694824219,5011.1201171875
2024-04-19,87.29000091552734,83.13999938964844,106.1500015258789,2398.39990234375,4.501999855041504,1.7519999742507935,4967.22998046875
2024-04-22,87.0,82.8499984741211,106.08000183105469,2332.199951171875,4.500500202178955,1.7910000085830688,5010.60009765625
2024-04-23,88.41999816894531,83.36000061035156,105.69000244140625,2327.699951171875,4.490499973297119,1.812000036239624,5070.5498046875
2024-04-24,88.0199966430664,82.80999755859375,105.86000061035156,2324.5,4.4670000076293945,1.652999997138977,5071.6298828125
2024-04-25,89.01000213623047,83.56999969482422,105.5999984741211,2329.800048828125,4.570499897003174,1.6380000114440918,5048.419921875
2024-04-26,89.5,83.8499984741211,105.94000244140625,2334.800048828125,4.568999767303467,1.6139999628067017,5099.9599609375
2024-04-29,88.4000015258789,82.62999725341797,105.58000183105469,2345.39990234375,4.658999919891357,2.0299999713897705,5116.169921875
2024-04-30,87.86000061035156,81.93000030517578,106.22000122070312,2291.39990234375,4.564499855041504,1.9910000562667847,5035.68994140625
2024-05-01,83.44000244140625,79.0,105.76000213623047,2299.89990234375,4.552499771118164,1.9320000410079956,5018.39013671875
2024-05-02,83.66999816894531,78.94999694824219,105.30000305175781,2299.199951171875,4.49399995803833,2.0350000858306885,5064.2001953125
2024-05-03,82.95999908447266,78.11000061035156,105.02999877929688,2299.0,4.573500156402588,2.1419999599456787,5127.7900390625
2024-05-06,83.33000183105469,78.4800033569336,105.05000305175781,2321.60009765625,4.634500026702881,2.194999933242798,5180.740234375
2024-05-07,83.16000366210938,78.37999725341797,105.41000366210938,2315.199951171875,4.625500202178955,2.2070000171661377,5187.7001953125
2024-05-08,83.58000183105469,78.98999786376953,105.55000305175781,2313.60009765625,4.561999797821045,2.187000036239624,5187.669921875
2024-05-09,83.87999725341797,79.26000213623047,105.2300033569336,2332.10009765625,4.607500076293945,2.3010001182556152,5214.080078125
2024-05-10,82.79000091552734,78.26000213623047,105.30999755859375,2367.300048828125,4.69350004196167,2.252000093460083,5222.68017578125
2024-05-13,83.36000061035156,79.12000274658203,105.22000122070312,2336.10009765625,4.804500102996826,2.38100004196167,5221.419921875
2024-05-14,82.37999725341797,78.0199966430664,105.01000213623047,2353.39990234375,4.953499794006348,2.3440001010894775,5246.68017578125
2024-05-15,82.75,78.62999725341797,104.3499984741211,2388.699951171875,4.9695000648498535,2.4159998893737793,5308.14990234375
2024-05-16,83.2699966430664,79.2300033569336,104.45999908447266,2380.0,4.892000198364258,2.494999885559082,5297.10009765625
2024-05-17,83.9800033569336,80.05999755859375,104.44999694824219,2412.199951171875,5.057000160217285,2.625999927520752,5303.27001953125
2024-05-20,83.70999908447266,79.80000305175781,104.56999969482422,2433.89990234375,5.087500095367432,2.750999927520752,5308.1298828125
2024-05-21,82.87999725341797,79.26000213623047,104.66000366210938,2421.699951171875,5.11899995803833,2.6710000038146973,5321.41015625
2024-05-22,81.9000015258789,77.56999969482422,104.94000244140625,2389.199951171875,4.867499828338623,2.8420000076293945,5307.009765625
2024-05-23,81.36000061035156,76.87000274658203,105.11000061035156,2335.0,4.816500186920166,2.6570000648498535,5267.83984375
2024-05-24,82.12000274658203,77.72000122070312,104.72000122070312,2332.5,4.778500080108643,2.5199999809265137,5304.72021484375
2024-05-28,84.22000122070312,79.83000183105469,104.61000061035156,2355.199951171875,4.875500202178955,2.5899999141693115,5306.0400390625
2024-05-29,83.5999984741211,79.2300033569336,105.0999984741211,2340.300048828125,4.805500030517578,2.493000030517578,5266.9501953125
2024-05-30,81.86000061035156,77.91000366210938,104.72000122070312,2342.89990234375,4.671999931335449,2.572000026702881,5235.47998046875
2024-05-31,81.62000274658203,76.98999786376953,104.66999816894531,2322.89990234375,4.610000133514404,2.5869998931884766,5277.509765625
2024-06-03,78.36000061035156,74.22000122070312,104.13999938964844,2346.60009765625,4.677000045776367,2.75600004196167,5283.39990234375
2024-06-04,77.5199966430664,73.25,104.11000061035156,2325.5,4.547999858856201,2.5859999656677246,5291.33984375
2024-06-05,78.41000366210938,74.06999969482422,104.2699966430664,2354.10009765625,4.619500160217285,2.756999969482422,5354.02978515625
2024-06-06,79.87000274658203,75.55000305175781,104.0999984741211,2370.300048828125,4.690999984741211,2.821000099182129,5352.9599609375
2024-06-07,79.62000274658203,75.52999877929688,104.88999938964844,2305.199951171875,4.494500160217285,2.9179999828338623,5346.990234375
2024-06-10,81.62999725341797,77.73999786376953,105.1500015258789,2307.699951171875,4.55649995803833,2.9059998989105225,5360.7900390625
2024-06-11,81.91999816894531,77.9000015258789,105.2300033569336,2307.5,4.5229997634887695,3.128999948501587,5375.31982421875
2024-06-12,82.5999984741211,78.5,104.6500015258789,2336.0,4.581500053405762,3.0450000762939453,5421.02978515625
2024-06-13,82.75,78.62000274658203,105.19999694824219,2300.199951171875,4.507500171661377,2.9590001106262207,5433.740234375
2024-06-14,82.62000274658203,78.44999694824219,105.55000305175781,2331.39990234375,4.551000118255615,2.88100004196167,5431.60009765625
2024-06-17,84.25,80.33000183105469,105.31999969482422,2312.39990234375,4.521500110626221,2.7880001068115234,5473.22998046875
2024-06-18,85.33000183105469,81.56999969482422,105.26000213623047,2330.39990234375,4.561999797821045,2.9089999198913574,5487.02978515625
2024-06-20,85.70999908447266,82.16999816894531,105.58999633789062,2353.800048828125,4.618000030517578,2.740999937057495,5473.169921875
2024-06-21,85.23999786376953,80.7300033569336,105.80000305175781,2316.39990234375,4.49399995803833,2.7049999237060547,5464.6201171875
2024-06-24,86.01000213623047,81.62999725341797,105.47000122070312,2330.0,4.5269999504089355,2.811000108718872,5447.8701171875
2024-06-25,85.01000213623047,80.83000183105469,105.61000061035156,2316.60009765625,4.38100004196167,2.75600004196167,5469.2998046875
2024-06-26,85.25,80.9000015258789,106.05000305175781,2299.199951171875,4.367499828338623,2.628000020980835,5477.89990234375
2024-06-27,86.38999938964844,81.73999786376953,105.91000366210938,2324.5,4.328499794006348,2.684999942779541,5482.8701171875
2024-06-28,86.41000366210938,81.54000091552734,105.87000274658203,2327.699951171875,4.390500068664551,2.6010000705718994,5460.47998046875
2024-07-01,86.5999984741211,83.37999725341797,105.9000015258789,2327.60009765625,4.426499843597412,2.4779999256134033,5475.08984375
2024-07-02,86.23999786376953,82.80999755859375,105.72000122070312,2323.0,4.429500102996826,2.434999942779541,5509.009765625
2024-07-03,87.33999633789062,83.87999725341797,105.4000015258789,2359.800048828125,4.540999889373779,2.4179999828338623,5537.02001953125
2024-07-05,86.54000091552734,83.16000366210938,104.87999725341797,2388.5,4.6585001945495605,2.319000005722046,5567.18994140625
2024-07-08,85.75,82.33000183105469,105.01000213623047,2355.199951171875,4.622000217437744,2.365999937057495,5572.85009765625
2024-07-09,84.66000366210938,81.41000366210938,105.12000274658203,2360.10009765625,4.578000068664551,2.3440001010894775,5576.97998046875
2024-07-10,85.08000183105469,82.0999984741211,105.05000305175781,2372.199951171875,4.607500076293945,2.3289999961853027,5633.91015625
2024-07-11,85.4000015258789,82.62000274658203,104.44000244140625,2415.0,4.508500099182129,2.2679998874664307,5584.5400390625
2024-07-12,85.02999877929688,82.20999908447266,104.08999633789062,2414.0,4.598499774932861,2.3289999961853027,5615.35009765625
2024-07-15,84.8499984741211,81.91000366210938,104.19000244140625,2422.89990234375,4.5289998054504395,2.1579999923706055,5631.22021484375
2024-07-16,83.7300033569336,80.76000213623047,104.2699966430664,2462.39990234375,4.443999767303467,2.187999963760376,5667.2001953125
2024-07-17,85.08000183105469,82.8499984741211,103.75,2454.800048828125,4.39900016784668,2.0350000858306885,5588.27001953125
2024-07-18,85.11000061035156,82.81999969482422,104.16999816894531,2451.800048828125,4.265999794006348,2.125,5544.58984375
2024-07-19,82.62999725341797,80.12999725341797,104.4000015258789,2395.5,4.218999862670898,2.128000020980835,5505.0
2024-07-22,82.4000015258789,79.77999877929688,104.30999755859375,2392.0,4.180500030517578,2.250999927520752,5564.41015625
2024-07-23,81.01000213623047,76.95999908447266,104.44999694824219,2404.60009765625,4.145999908447266,2.187000036239624,5555.740234375
2024-07-24,81.70999908447266,77.58999633789062,104.38999938964844,2413.300048828125,4.098999977111816,2.117000102996826,5427.1298828125
2024-07-25,82.37000274658203,78.27999877929688,104.36000061035156,2351.89990234375,4.112500190734863,2.0409998893737793,5399.22021484375
2024-07-26,81.12999725341797,77.16000366210938,104.31999969482422,2380.0,4.104499816894531,2.00600004196167,5459.10009765625
2024-07-29,79.77999877929688,75.80999755859375,104.55999755859375,2377.300048828125,4.061999797821045,1.906999945640564,5463.5400390625
2024-07-30,78.62999725341797,74.7300033569336,104.55000305175781,2405.0,4.063000202178955,2.125999927520752,5436.43994140625
2024-07-31,80.72000122070312,77.91000366210938,104.0999984741211,2426.5,4.159999847412109,2.0360000133514404,5522.2998046875
2024-08-01,79.5199966430664,76.30999755859375,104.41999816894531,2435.0,4.066500186920166,1.968000054359436,5446.68017578125
2024-08-02,76.80999755859375,73.5199966430664,103.20999908447266,2425.699951171875,4.084000110626221,1.9670000076293945,5346.56005859375
2024-08-05,76.30000305175781,72.94000244140625,102.69000244140625,2401.699951171875,3.9839999675750732,1.9420000314712524,5186.330078125
2024-08-06,76.4800033569336,73.19999694824219,102.97000122070312,2389.10009765625,4.011499881744385,2.009999990463257,5240.02978515625
2024-08-07,78.33000183105469,75.2300033569336,103.19999694824219,2390.5,3.9375,2.111999988555908,5199.5
2024-08-08,79.16000366210938,76.19000244140625,103.20999908447266,2422.199951171875,3.944999933242798,2.127000093460083,5319.31005859375
2024-08-09,79.66000366210938,76.83999633789062,103.13999938964844,2432.10009765625,3.9800000190734863,2.1429998874664307,5344.16015625
2024-08-12,82.30000305175781,80.05999755859375,103.13999938964844,2462.39990234375,4.054999828338623,2.188999891281128,5344.39013671875
2024-08-13,80.69000244140625,78.3499984741211,102.55999755859375,2466.699951171875,4.035999774932861,2.1480000019073486,5434.43017578125
2024-08-14,79.76000213623047,76.9800033569336,102.56999969482422,2439.39990234375,4.025000095367432,2.2190001010894775,5455.2099609375
2024-08-15,81.04000091552734,78.16000366210938,102.9800033569336,2453.10009765625,4.138999938964844,2.197000026702881,5543.22021484375
2024-08-16,79.68000030517578,76.6500015258789,102.45999908447266,2498.60009765625,4.127500057220459,2.122999906539917,5554.25
2024-08-19,77.66000366210938,74.37000274658203,101.88999938964844,2501.800048828125,4.166500091552734,2.234999895095825,5608.25
2024-08-20,77.19999694824219,74.04000091552734,101.44000244140625,2511.300048828125,4.149499893188477,2.197999954223633,5597.1201171875
2024-08-21,76.05000305175781,71.93000030517578,101.04000091552734,2508.39990234375,4.18149995803833,2.177000045776367,5620.85009765625
2024-08-22,77.22000122070312,73.01000213623047,101.51000213623047,2478.89990234375,4.140999794006348,2.052999973297119,5570.64013671875
2024-08-23,79.0199966430664,74.83000183105469,100.72000122070312,2508.39990234375,4.194499969482422,2.0220000743865967,5634.60986328125
2024-08-26,81.43000030517578,77.41999816894531,100.8499984741211,2517.699951171875,4.21150016784668,1.9559999704360962,5616.83984375
2024-08-27,79.55000305175781,75.52999877929688,100.55000305175781,2516.0,4.230500221252441,1.9040000438690186,5625.7998046875
2024-08-28,78.6500015258789,74.5199966430664,101.08999633789062,2501.0,4.144999980926514,1.9299999475479126,5592.18017578125
2024-08-29,79.94000244140625,75.91000366210938,101.33999633789062,2525.699951171875,4.147500038146973,2.13700008392334,5591.9599609375
2024-08-30,78.80000305175781,73.55000305175781,101.69999694824219,2493.800048828125,4.144999980926514,2.127000093460083,5648.39990234375
2024-09-03,73.75,70.33999633789062,101.83000183105469,2489.89990234375,4.0320000648498535,2.203000068664551,5528.93017578125
2024-09-04,72.69999694824219,69.19999694824219,101.36000061035156,2493.39990234375,4.019499778747559,2.1449999809265137,5520.06982421875
2024-09-05,72.69000244140625,69.1500015258789,101.11000061035156,2511.39990234375,4.077499866485596,2.253999948501587,5503.41015625
2024-09-06,71.05999755859375,67.66999816894531,101.18000030517578,2493.5,4.014500141143799,2.2750000953674316,5408.419921875
2024-09-09,71.83999633789062,68.70999908447266,101.55000305175781,2501.800048828125,4.084499835968018,2.1700000762939453,5471.0498046875
2024-09-10,69.19000244140625,65.75,101.62999725341797,2512.300048828125,4.040500164031982,2.2320001125335693,5495.52001953125
2024-09-11,70.61000061035156,67.30999755859375,101.68000030517578,2512.10009765625,4.083000183105469,2.2699999809265137,5554.1298828125
2024-09-12,71.97000122070312,68.97000122070312,101.37000274658203,2551.199951171875,4.132999897003174,2.3570001125335693,5595.759765625
2024-09-13,71.61000061035156,68.6500015258789,101.11000061035156,2581.300048828125,4.175000190734863,2.305000066757202,5626.02001953125
2024-09-16,72.75,70.08999633789062,100.76000213623047,2580.39990234375,4.2129998207092285,2.372999906539917,5633.08984375
2024-09-17,73.69999694824219,71.19000244140625,100.88999938964844,2564.300048828125,4.213500022888184,2.3239998817443848,5634.580078125
2024-09-18,73.6500015258789,70.91000366210938,100.5999984741211,2570.699951171875,4.23799991607666,2.2839999198913574,5618.259765625
2024-09-19,74.87999725341797,71.94999694824219,100.61000061035156,2588.0,4.285999774932861,2.3480000495910645,5713.64013671875
2024-09-20,74.48999786376953,71.91999816894531,100.72000122070312,2619.89990234375,4.281499862670898,2.434000015258789,5702.5498046875
2024-09-23,73.9000015258789,70.37000274658203,100.91999816894531,2626.5,4.289000034332275,2.61299991607666,5718.56982421875
2024-09-24,75.16999816894531,71.55999755859375,100.37000274658203,2651.199951171875,4.429500102996826,2.5510001182556152,5732.93017578125
2024-09-25,73.45999908447266,69.69000244140625,100.91999816894531,2659.199951171875,4.427999973297119,2.63700008392334,5722.259765625
2024-09-26,71.5999984741211,67.66999816894531,100.55999755859375,2669.89990234375,4.580999851226807,2.5850000381469727,5745.3701171875
2024-09-27,71.9800033569336,68.18000030517578,100.41999816894531,2644.300048828125,4.540999889373779,2.9019999504089355,5738.169921875
2024-09-30,71.7699966430664,68.16999816894531,100.77999877929688,2636.10009765625,4.495999813079834,2.9230000972747803,5762.47998046875
2024-10-01,73.55999755859375,69.83000183105469,101.19000244140625,2667.300048828125,4.5355000495910645,2.8959999084472656,5708.75
2024-10-02,73.9000015258789,70.0999984741211,101.68000030517578,2647.10009765625,4.5960001945495605,2.885999917984009,5709.5400390625
2024-10-03,77.62000274658203,73.70999908447266,101.98999786376953,2657.10009765625,4.501999855041504,2.9700000286102295,5699.93994140625
2024-10-04,78.05000305175781,74.37999725341797,102.5199966430664,2645.800048828125,4.522500038146973,2.8540000915527344,5751.06982421875
2024-10-07,80.93000030517578,77.13999938964844,102.54000091552734,2644.800048828125,4.519000053405762,2.746000051498413,5695.93994140625
2024-10-08,77.18000030517578,73.56999969482422,102.55000305175781,2615.0,4.4120001792907715,2.7330000400543213,5751.1298828125
2024-10-09,76.58000183105469,73.23999786376953,102.93000030517578,2606.0,4.355000019073486,2.6600000858306885,5792.0400390625
2024-10-10,79.4000015258789,75.8499984741211,102.98999786376953,2620.60009765625,4.385000228881836,2.674999952316284,5780.0498046875
2024-10-11,79.04000091552734,75.55999755859375,102.88999938964844,2657.60009765625,4.451499938964844,2.631999969482422,5815.02978515625
2024-10-14,77.45999908447266,73.83000183105469,103.30000305175781,2647.800048828125,4.363500118255615,2.49399995803833,5859.85009765625
2024-10-15,74.25,70.58000183105469,103.26000213623047,2661.39990234375,4.30049991607666,2.497999906539917,5815.259765625
2024-10-16,74.22000122070312,70.38999938964844,103.58999633789062,2674.0,4.331500053405762,2.367000102996826,5842.47021484375
2024-10-17,74.44999694824219,70.66999816894531,103.83000183105469,2691.0,4.286499977111816,2.3469998836517334,5841.47021484375
2024-10-18,73.05999755859375,69.22000122070312,103.48999786376953,2713.699951171875,4.3460001945495605,2.257999897003174,5864.669921875
2024-10-21,74.29000091552734,70.55999755859375,104.01000213623047,2723.10009765625,4.322999954223633,2.312000036239624,5853.97998046875
2024-10-22,76.04000091552734,72.08999633789062,104.08000183105469,2744.199951171875,4.3480000495910645,2.311000108718872,5851.2001953125
2024-10-23,74.95999908447266,70.7699966430664,104.43000030517578,2714.39990234375,4.304500102996826,2.3420000076293945,5797.419921875
2024-10-24,74.37999725341797,70.19000244140625,104.05999755859375,2734.89990234375,4.319499969482422,2.5220000743865967,5809.85986328125
2024-10-25,76.05000305175781,71.77999877929688,104.26000213623047,2740.89990234375,4.3394999504089355,2.559999942779541,5808.1201171875
2024-10-28,71.41999816894531,67.37999725341797,104.31999969482422,2742.89990234375,4.331999778747559,2.309000015258789,5823.52001953125
2024-10-29,71.12000274658203,67.20999908447266,104.27999877929688,2768.39990234375,4.332499980926514,2.3459999561309814,5832.919921875
2024-10-30,72.55000305175781,68.61000061035156,103.98999786376953,2788.5,4.327499866485596,2.8450000286102295,5813.669921875
2024-10-31,73.16000366210938,69.26000213623047,103.9800033569336,2738.300048828125,4.313499927520752,2.7070000171661377,5705.4501953125
2024-11-01,73.0999984741211,69.48999786376953,104.27999877929688,2738.60009765625,4.347499847412109,2.6630001068115234,5728.7998046875
2024-11-04,75.08000183105469,71.47000122070312,103.88999938964844,2736.10009765625,4.4070000648498535,2.7809998989105225,5712.68994140625
2024-11-05,75.52999877929688,71.98999786376953,103.41999816894531,2740.300048828125,4.450500011444092,2.6700000762939453,5782.759765625
2024-11-06,74.91999816894531,71.69000244140625,105.08999633789062,2667.60009765625,4.222499847412109,2.746999979019165,5929.0400390625
2024-11-07,75.62999725341797,72.36000061035156,104.51000213623047,2698.39990234375,4.409999847412109,2.693000078201294,5973.10009765625
2024-11-08,73.87000274658203,70.37999725341797,105.0,2687.5,4.286499977111816,2.6689999103546143,5995.5400390625
2024-11-11,71.83000183105469,68.04000091552734,105.54000091552734,2611.199951171875,4.210999965667725,2.9200000762939453,6001.35009765625
2024-11-12,71.88999938964844,68.12000274658203,106.0199966430664,2600.0,4.119500160217285,2.9070000648498535,5983.990234375
2024-11-13,72.27999877929688,68.43000030517578,106.4800033569336,2580.800048828125,4.065999984741211,2.9830000400543213,5985.3798828125
2024-11-14,72.55999755859375,68.69999694824219,106.66999816894531,2568.199951171875,4.072999954223633,2.7850000858306885,5949.169921875
2024-11-15,71.04000091552734,67.0199966430664,106.69000244140625,2565.699951171875,4.051000118255615,2.822999954223633,5870.6201171875
2024-11-18,73.30000305175781,69.16000366210938,106.27999877929688,2610.60009765625,4.107999801635742,2.9730000495910645,5893.6201171875
2024-11-19,73.30999755859375,69.38999938964844,106.20999908447266,2627.10009765625,4.130000114440918,2.997999906539917,5916.97998046875
2024-11-20,72.80999755859375,68.87000274658203,106.68000030517578,2648.199951171875,4.143499851226807,3.193000078201294,5917.10986328125
2024-11-21,74.2300033569336,70.0999984741211,106.97000122070312,2672.10009765625,4.11299991607666,3.3389999866485596,5948.7099609375
2024-11-22,75.16999816894531,71.23999786376953,107.48999786376953,2709.89990234375,4.073999881744385,3.128999948501587,5969.33984375
2024-11-25,73.01000213623047,68.94000244140625,106.81999969482422,2616.800048828125,4.0914998054504395,3.36899995803833,5987.3701171875
2024-11-26,72.80999755859375,68.7699966430664,107.01000213623047,2620.300048828125,4.039000034332275,3.430999994277954,6021.6298828125
2024-11-27,72.83000183105469,68.72000122070312,106.08000183105469,2639.89990234375,4.066999912261963,3.2039999961853027,5998.740234375
2024-11-29,72.94000244140625,68.0,105.73999786376953,2657.0,4.08050012588501,3.36299991607666,6032.3798828125
2024-12-02,71.83000183105469,68.0999984741211,106.44999694824219,2634.89990234375,4.075500011444092,3.2130000591278076,6047.14990234375
2024-12-03,73.62000274658203,69.94000244140625,106.37000274658203,2644.699951171875,4.145999908447266,3.0420000553131104,6049.8798828125
2024-12-04,72.30999755859375,68.54000091552734,106.33999633789062,2653.800048828125,4.142000198364258,3.0429999828338623,6086.490234375
2024-12-05,72.08999633789062,68.30000305175781,105.70999908447266,2626.60009765625,4.135000228881836,3.0789999961853027,6075.10986328125
2024-12-06,71.12000274658203,67.19999694824219,105.97000122070312,2638.60009765625,4.138500213623047,3.0759999752044678,6090.27001953125
2024-12-09,72.13999938964844,68.37000274658203,106.1500015258789,2664.89990234375,4.223499774932861,3.181999921798706,6052.85009765625
2024-12-10,72.19000244140625,68.58999633789062,106.4000015258789,2697.60009765625,4.223499774932861,3.1630001068115234,6034.91015625
2024-12-11,73.5199966430664,70.29000091552734,106.70999908447266,2733.800048828125,4.214000225067139,3.378000020980835,6084.18994140625
2024-12-12,73.41000366210938,70.0199966430664,106.95999908447266,2687.5,4.195000171661377,3.4549999237060547,6051.25
2024-12-13,74.48999786376953,71.29000091552734,107.0,2656.0,4.14900016784668,3.2799999713897705,6051.08984375
2024-12-16,73.91000366210938,70.70999908447266,106.86000061035156,2651.39990234375,4.143499851226807,3.2139999866485596,6074.080078125
2024-12-17,73.19000244140625,70.08000183105469,106.95999908447266,2644.39990234375,4.0914998054504395,3.308000087738037,6050.60986328125
2024-12-18,73.38999938964844,70.58000183105469,108.02999877929688,2636.5,4.099999904632568,3.374000072479248,5872.16015625
2024-12-19,72.87999725341797,69.91000366210938,108.41000366210938,2592.199951171875,4.020500183105469,3.5840001106262207,5867.080078125
2024-12-20,72.94000244140625,69.45999908447266,107.62000274658203,2628.699951171875,4.040999889373779,3.747999906539917,5930.85009765625
2024-12-23,72.62999725341797,69.23999786376953,108.04000091552734,2612.300048828125,4.0229997634887695,3.6559998989105225,5974.06982421875
2024-12-24,73.58000183105469,70.0999984741211,108.26000213623047,2620.0,4.049499988555908,3.946000099182129,6040.0400390625
2024-12-26,73.26000213623047,69.62000274658203,108.12999725341797,2638.800048828125,4.072000026702881,3.7149999141693115,6037.58984375
2024-12-27,74.16999816894531,70.5999984741211,108.0,2617.199951171875,4.0625,3.5139999389648438,5970.83984375
2024-12-30,74.38999938964844,70.98999786376953,108.12999725341797,2606.10009765625,4.045499801635742,3.936000108718872,5906.93994140625
2024-12-31,74.63999938964844,71.72000122070312,108.48999786376953,2629.199951171875,3.9860000610351562,3.632999897003174,5881.6298828125
2025-01-02,75.93000030517578,73.12999725341797,109.38999938964844,2658.89990234375,3.9885001182556152,3.6600000858306885,5868.5498046875
2025-01-03,76.51000213623047,73.95999908447266,108.94999694824219,2645.0,4.0395002365112305,3.3540000915527344,5942.47021484375
2025-01-06,76.30000305175781,73.55999755859375,108.26000213623047,2638.39990234375,4.126999855041504,3.671999931335449,5975.3798828125
2025-01-07,77.05000305175781,74.25,108.54000091552734,2656.699951171875,4.1605000495910645,3.4489998817443848,5909.02978515625
2025-01-08,76.16000366210938,73.31999969482422,109.08999633789062,2664.5,4.227499961853027,3.6510000228881836,5918.25
2025-01-09,76.91999816894531,73.91999816894531,109.18000030517578,2683.800048828125,4.2795000076293945,3.7009999752044678,
2025-01-10,79.76000213623047,76.56999969482422,109.6500015258789,2708.5,4.274499893188477,3.989000082015991,5827.0400390625
2025-01-13,81.01000213623047,78.81999969482422,109.95999908447266,2673.5,4.295499801635742,3.934000015258789,5836.22021484375
2025-01-14,79.91999816894531,77.5,109.2699966430664,2677.5,4.310500144958496,3.9679999351501465,5842.91015625
2025-01-15,82.02999877929688,80.04000091552734,109.08999633789062,2712.5,4.359499931335449,4.083000183105469,5949.91015625
2025-01-16,81.29000091552734,78.68000030517578,108.95999908447266,2746.39990234375,4.4105000495910645,4.257999897003174,5937.33984375
2025-01-17,80.79000091552734,77.87999725341797,109.3499984741211,2744.300048828125,4.337500095367432,3.947999954223633,5996.66015625
2025-01-21,79.29000091552734,75.88999938964844,108.05999755859375,2755.0,4.310999870300293,3.75600004196167,6049.240234375
2025-01-22,79.0,75.44000244140625,108.16999816894531,2767.60009765625,4.271500110626221,3.9600000381469727,6086.3701171875
2025-01-23,78.29000091552734,74.62000274658203,108.05000305175781,2763.10009765625,4.299499988555908,3.944999933242798,6118.7099609375
2025-01-24,78.5,74.66000366210938,107.44000244140625,2777.300048828125,4.289999961853027,4.0269999504089355,6101.240234375
2025-01-27,77.08000183105469,73.16999816894531,107.33999633789062,2737.5,4.203499794006348,3.697000026702881,6012.27978515625
2025-01-28,77.48999786376953,73.7699966430664,107.87000274658203,2766.800048828125,4.2204999923706055,3.4709999561309814,6067.7001953125
2025-01-29,76.58000183105469,72.62000274658203,108.0,2769.10009765625,4.257500171661377,3.5350000858306885,6039.31005859375
2025-01-30,76.87000274658203,72.7300033569336,107.80000305175781,2823.0,4.288000106811523,3.046999931335449,6071.169921875
2025-01-31,76.76000213623047,72.52999877929688,108.37000274658203,2812.5,4.26200008392334,3.0439999103546143,6040.52978515625
2025-02-03,75.95999908447266,73.16000366210938,108.98999786376953,2833.89990234375,4.294000148773193,3.3519999980926514,5994.56982421875
2025-02-04,76.19999694824219,72.69999694824219,107.95999908447266,2853.300048828125,4.34250020980835,3.253000020980835,6037.8798828125
2025-02-05,74.61000061035156,71.02999877929688,107.58000183105469,2871.60009765625,4.434500217437744,3.359999895095825,6061.47998046875
2025-02-06,74.29000091552734,70.61000061035156,107.69000244140625,2856.0,4.453499794006348,3.4079999923706055,6083.56982421875
2025-02-07,74.66000366210938,71.0,108.04000091552734,2867.300048828125,4.581500053405762,3.309000015258789,6025.990234375
2025-02-10,75.87000274658203,72.31999969482422,108.31999969482422,2914.300048828125,4.700500011444092,3.444000005722046,6066.43994140625
2025-02-11,77.0,73.31999969482422,107.95999908447266,2912.5,4.5945000648498535,3.5190000534057617,6068.5
2025-02-12,75.18000030517578,71.37000274658203,107.94000244140625,2909.0,4.697999954223633,3.565000057220459,6051.97021484375
2025-02-13,75.0199966430664,71.29000091552734,107.30999755859375,2925.89990234375,4.769000053405762,3.628000020980835,6115.06982421875
2025-02-14,74.73999786376953,70.73999786376953,106.56999969482422,2883.60009765625,4.656499862670898,3.7249999046325684,6114.6298828125
2025-02-18,75.83999633789062,71.8499984741211,107.05000305175781,2931.60009765625,4.585000038146973,4.006999969482422,6129.580078125
2025-02-19,76.04000091552734,72.25,107.16999816894531,2919.39990234375,4.557000160217285,4.28000020980835,6144.14990234375
2025-02-20,76.4800033569336,72.56999969482422,106.33999633789062,2940.0,4.607999801635742,4.1519999504089355,6117.52001953125
2025-02-21,74.43000030517578,70.4000015258789,106.61000061035156,2937.60009765625,4.559999942779541,4.234000205993652,6013.1298828125
2025-02-24,74.77999877929688,70.69999694824219,106.5999984741211,2947.89990234375,4.517000198364258,3.99399995803833,5983.25
2025-02-25,73.0199966430664,68.93000030517578,106.30999755859375,2904.5,4.486000061035156,4.173999786376953,5955.25
2025-02-26,72.52999877929688,68.62000274658203,106.41999816894531,2916.800048828125,4.541999816894531,3.9059998989105225,5956.06005859375
2025-02-27,74.04000091552734,70.3499984741211,107.23999786376953,2883.199951171875,4.579999923706055,3.934000015258789,5861.56982421875
2025-02-28,73.18000030517578,69.76000213623047,107.61000061035156,2836.800048828125,4.514500141143799,3.8340001106262207,5954.5
2025-03-03,71.62000274658203,68.37000274658203,106.75,2890.199951171875,4.576499938964844,4.122000217437744,5849.72021484375
2025-03-04,71.04000091552734,68.26000213623047,105.73999786376953,2909.60009765625,4.527500152587891,4.349999904632568,5778.14990234375
2025-03-05,69.30000305175781,66.30999755859375,105.73999786376953,2915.300048828125,4.766499996185303,4.449999809265137,5842.6298828125
2025-03-06,69.45999908447266,66.36000061035156,104.05999755859375,2916.60009765625,4.7789998054504395,4.302000045776367,5738.52001953125
2025-03-07,70.36000061035156,67.04000091552734,103.83999633789062,2904.699951171875,4.683000087738037,4.39900016784668,5770.2001953125
2025-03-10,69.27999877929688,66.02999877929688,103.91000366210938,2891.0,4.639500141143799,4.491000175476074,5614.56005859375
2025-03-11,69.55999755859375,66.25,103.44000244140625,2912.89990234375,4.739999771118164,4.453000068664551,5572.06982421875
2025-03-12,70.94999694824219,67.68000030517578,103.61000061035156,2939.10009765625,4.821000099182129,4.084000110626221,5599.2998046875
2025-03-13,69.87999725341797,66.55000305175781,103.83000183105469,2984.300048828125,4.898499965667725,4.111000061035156,5521.52001953125
2025-03-14,70.58000183105469,67.18000030517578,103.72000122070312,2994.5,4.869500160217285,4.104000091552734,5638.93994140625
2025-03-17,71.06999969482422,67.58000183105469,103.37000274658203,3000.0,4.933499813079834,4.01800012588501,5675.1201171875
2025-03-18,70.55999755859375,66.9000015258789,103.23999786376953,3035.10009765625,4.993000030517578,4.052000045776367,5614.66015625
2025-03-19,70.77999877929688,67.16000366210938,103.43000030517578,3035.89990234375,5.076000213623047,4.247000217437744,5675.2900390625
2025-03-20,72.0,68.26000213623047,103.8499984741211,3040.0,5.085000038146973,3.9749999046325684,5662.89013671875
2025-03-21,72.16000366210938,68.27999877929688,104.08999633789062,3018.199951171875,5.087500095367432,3.9800000190734863,5667.56005859375
2025-03-24,73.0,69.11000061035156,104.26000213623047,3013.10009765625,5.064000129699707,3.9140000343322754,5767.56982421875
2025-03-25,73.0199966430664,69.0,104.18000030517578,3023.699951171875,5.183000087738037,3.8399999141693115,5776.64990234375
2025-03-26,73.79000091552734,69.6500015258789,104.55000305175781,3020.89990234375,5.216000080108643,3.8610000610351562,5712.2001953125
2025-03-27,74.02999877929688,69.91999816894531,104.06999969482422,3060.199951171875,5.097499847412109,3.950000047683716,5693.31005859375
2025-03-28,73.62999725341797,69.36000061035156,104.04000091552734,3086.5,5.112500190734863,4.065000057220459,5580.93994140625
2025-03-31,74.73999786376953,71.4800033569336,104.20999908447266,3122.800048828125,5.019999980926514,4.11899995803833,5611.85009765625
2025-04-01,74.48999786376953,71.19999694824219,104.26000213623047,3118.89990234375,5.019000053405762,3.9509999752044678,5633.06982421875
2025-04-02,74.94999694824219,71.70999908447266,103.80999755859375,3139.89990234375,5.023499965667725,4.054999828338623,5670.97021484375
2025-04-03,70.13999938964844,66.94999694824219,102.06999969482422,3097.0,4.810999870300293,4.138000011444092,5396.52001953125
2025-04-04,65.58000183105469,61.9900016784668,103.0199966430664,3012.0,4.384500026702881,3.8369998931884766,5074.080078125
2025-04-07,64.20999908447266,60.70000076293945,103.26000213623047,2951.300048828125,4.169000148773193,3.6549999713897705,5062.25
2025-04-08,62.81999969482422,59.58000183105469,102.95999908447266,2968.39990234375,4.127500057220459,3.4649999141693115,4982.77001953125
2025-04-09,65.4800033569336,62.349998474121094,102.9000015258789,3056.5,4.17549991607666,3.815999984741211,5456.89990234375
2025-04-10,63.33000183105469,60.06999969482422,100.87000274658203,3155.199951171875,4.321000099182129,3.556999921798706,5268.0498046875
2025-04-11,64.76000213623047,61.5,99.77999877929688,3222.199951171875,4.507500171661377,3.5269999504089355,5363.35986328125
2025-04-14,64.87999725341797,61.529998779296875,99.63999938964844,3204.800048828125,4.610499858856201,3.325000047683716,5405.97021484375
2025-04-15,64.66999816894531,61.33000183105469,100.22000122070312,3218.699951171875,4.611000061035156,3.3289999961853027,5396.6298828125
2025-04-16,65.8499984741211,62.470001220703125,99.37999725341797,3326.60009765625,4.673999786376953,3.246999979019165,5275.7001953125
2025-04-17,67.95999908447266,64.68000030517578,99.37999725341797,3308.699951171875,4.731500148773193,3.244999885559082,5282.7001953125
2025-04-21,66.26000213623047,63.08000183105469,98.27999877929688,3406.199951171875,4.7210001945495605,3.0160000324249268,5158.2001953125
2025-04-22,67.44000244140625,64.30999755859375,98.91999816894531,3400.800048828125,4.870500087738037,3.006999969482422,5287.759765625
2025-04-23,66.12000274658203,62.27000045776367,99.83999633789062,3276.300048828125,4.8354997634887695,3.0220000743865967,5375.85986328125
2025-04-24,66.55000305175781,62.790000915527344,99.29000091552734,3332.0,4.849999904632568,2.930000066757202,5484.77001953125
2025-04-25,66.87000274658203,63.02000045776367,99.47000122070312,3282.39990234375,4.8354997634887695,2.937000036239624,5525.2099609375
2025-04-28,65.86000061035156,62.04999923706055,99.01000213623047,3332.5,4.8379998207092285,3.1700000762939453,5528.75
2025-04-29,64.25,60.41999816894531,99.23999786376953,3318.800048828125,4.822999954223633,3.385999917984009,5560.830078125
2025-04-30,63.119998931884766,58.209999084472656,99.47000122070312,3305.0,4.559999942779541,3.3259999752044678,5569.06005859375
2025-05-01,62.130001068115234,59.2400016784668,100.25,3210.0,4.580999851226807,3.4790000915527344,5604.14013671875
2025-05-02,61.290000915527344,58.290000915527344,100.0,3231.89990234375,4.627500057220459,3.630000114440918,5686.669921875
2025-05-05,60.22999954223633,57.130001068115234,99.83000183105469,3311.300048828125,4.65500020980835,3.549999952316284,5650.3798828125
2025-05-06,62.150001525878906,59.09000015258789,99.23999786376953,3411.39990234375,4.735000133514404,3.4630000591278076,5606.91015625
2025-05-07,61.119998931884766,58.06999969482422,99.61000061035156,3381.39990234375,4.616499900817871,3.621000051498413,5631.27978515625
2025-05-08,62.84000015258789,59.90999984741211,100.63999938964844,3296.60009765625,4.560999870300293,3.5920000076293945,5663.93994140625
2025-05-09,63.90999984741211,61.02000045776367,100.33999633789062,3335.39990234375,4.611000061035156,3.7950000762939453,5659.91015625
2025-05-12,64.95999908447266,61.95000076293945,101.79000091552734,3220.0,4.578499794006348,3.6459999084472656,5844.18994140625
2025-05-13,66.62999725341797,63.66999816894531,101.0,3240.300048828125,4.68149995803833,3.6470000743865967,5886.5498046875
2025-05-14,66.08999633789062,63.150001525878906,101.04000091552734,3181.39990234375,4.611000061035156,3.492000102996826,5892.580078125
2025-05-15,64.52999877929688,61.619998931884766,100.87999725341797,3220.699951171875,4.644499778747559,3.361999988555908,5916.93017578125
2025-05-16,65.41000366210938,62.4900016784668,101.08999633789062,3182.0,4.555500030517578,3.3340001106262207,5958.3798828125
2025-05-19,65.54000091552734,62.689998626708984,100.43000030517578,3228.89990234375,4.633500099182129,3.11299991607666,5963.60009765625
2025-05-20,65.37999725341797,62.560001373291016,100.12000274658203,3280.300048828125,4.619500160217285,3.427000045776367,5940.4599609375
2025-05-21,64.91000366210938,61.56999969482422,99.55999755859375,3309.300048828125,4.638000011444092,3.368000030517578,5844.60986328125
2025-05-22,64.44000244140625,61.20000076293945,99.95999908447266,3292.300048828125,4.648499965667725,3.253000020980835,5842.009765625
2025-05-23,64.77999877929688,61.529998779296875,99.11000061035156,3363.60009765625,4.80649995803833,3.3340001106262207,5802.81982421875
2025-05-26,,,98.93000030517578,,,,
2025-05-27,64.08999633789062,60.88999938964844,99.5199966430664,3299.10009765625,4.710000038146973,3.3980000019073486,5921.5400390625
2025-05-28,64.9000015258789,61.84000015258789,99.87999725341797,3293.60009765625,4.644000053405762,3.2039999961853027,5888.5498046875
2025-05-29,64.1500015258789,60.939998626708984,99.27999877929688,3317.10009765625,4.653500080108643,3.5220000743865967,5912.169921875
2025-05-30,63.900001525878906,60.790000915527344,99.33000183105469,3288.89990234375,4.652500152587891,3.447000026702881,5911.68994140625
2025-06-02,64.62999725341797,62.52000045776367,98.69999694824219,3370.60009765625,4.834499835968018,3.694000005722046,5935.93994140625
2025-06-03,65.62999725341797,63.40999984741211,99.25,3350.199951171875,4.809500217437744,3.7219998836517334,5970.3701171875
2025-06-04,64.86000061035156,62.849998474121094,98.79000091552734,3373.5,4.864500045776367,3.7160000801086426,5970.81005859375
2025-06-05,65.33999633789062,63.369998931884766,98.73999786376953,3350.699951171875,4.91349983215332,3.677000045776367,5939.2998046875
2025-06-06,66.47000122070312,64.58000183105469,99.19000244140625,3322.699951171875,4.829999923706055,3.7839999198913574,6000.35986328125
2025-06-09,67.04000091552734,65.29000091552734,98.94000244140625,3332.10009765625,4.9095001220703125,3.634999990463257,6005.8798828125
2025-06-10,66.87000274658203,64.9800033569336,99.05000305175781,3320.89990234375,4.883999824523926,3.5329999923706055,6038.81005859375
2025-06-11,69.7699966430664,68.1500015258789,98.62999725341797,3321.300048828125,4.801000118255615,3.506999969482422,6022.240234375
2025-06-12,69.36000061035156,68.04000091552734,97.91999816894531,3380.89990234375,4.821499824523926,3.492000102996826,6045.259765625
2025-06-13,74.2300033569336,72.9800033569336,98.18000030517578,3431.199951171875,4.802999973297119,3.5810000896453857,5976.97021484375
2025-06-16,73.2300033569336,71.7699966430664,98.0,3396.39990234375,4.826499938964844,3.747999906539917,6033.10986328125
2025-06-17,76.44999694824219,74.83999633789062,98.81999969482422,3386.60009765625,4.80049991607666,3.8510000705718994,5982.72021484375
2025-06-18,76.69999694824219,75.13999938964844,98.91000366210938,3389.800048828125,4.84499979019165,3.989000082015991,5980.8701171875
2025-06-20,77.01000213623047,74.93000030517578,98.70999908447266,3368.10009765625,4.826000213623047,3.8469998836517334,5967.83984375
2025-06-23,71.4800033569336,68.51000213623047,98.41999816894531,3377.699951171875,4.8429999351501465,3.697999954223633,6025.169921875
2025-06-24,67.13999938964844,64.37000274658203,97.86000061035156,3317.39990234375,4.867000102996826,3.5369999408721924,6092.18017578125
2025-06-25,67.68000030517578,64.91999816894531,97.68000030517578,3327.10009765625,4.913000106811523,3.4059998989105225,6092.16015625
2025-06-26,67.7300033569336,65.23999786376953,97.1500015258789,3333.5,5.065499782562256,3.260999917984009,6141.02001953125
2025-06-27,67.7699966430664,65.5199966430664,97.4000015258789,3273.699951171875,5.06850004196167,3.739000082015991,6173.06982421875
2025-06-30,67.61000061035156,65.11000061035156,96.87999725341797,3294.39990234375,5.03000020980835,3.4560000896453857,6204.9501953125
2025-07-01,67.11000061035156,65.44999694824219,96.81999969482422,3336.699951171875,5.047999858856201,3.4149999618530273,6198.009765625
2025-07-02,69.11000061035156,67.44999694824219,96.77999877929688,3348.0,5.14900016784668,3.48799991607666,6227.419921875
2025-07-03,68.80000305175781,67.0,97.18000030517578,3331.60009765625,5.0970001220703125,3.4089999198913574,6279.35009765625
2025-07-04,68.29000091552734,66.5,,3332.5,5.018499851226807,3.38700008392334,
2025-07-07,69.58000183105469,67.93000030517578,97.4800033569336,3332.199951171875,4.984499931335449,3.4119999408721924,6229.97998046875
2025-07-08,70.1500015258789,68.33000183105469,97.51000213623047,3307.0,5.644999980926514,3.3399999141693115,6225.52001953125
2025-07-09,70.19000244140625,68.37999725341797,97.47000122070312,3311.60009765625,5.44350004196167,3.2139999866485596,6263.259765625
2025-07-10,68.63999938964844,66.56999969482422,97.6500015258789,3317.39990234375,5.547999858856201,3.3369998931884766,6280.4599609375
2025-07-11,70.36000061035156,68.44999694824219,97.8499984741211,3356.0,5.561999797821045,3.313999891281128,6259.75
2025-07-14,69.20999908447266,66.9800033569336,98.08000183105469,3351.5,5.514999866485596,3.4660000801086426,6268.56005859375
2025-07-15,68.70999908447266,66.5199966430664,98.62000274658203,3329.800048828125,5.546000003814697,3.5230000019073486,6243.759765625
2025-07-16,68.5199966430664,66.37999725341797,98.38999938964844,3352.5,5.496500015258789,3.5510001182556152,6263.7001953125
2025-07-17,69.5199966430664,67.54000091552734,98.7300033569336,3340.10009765625,5.486000061035156,3.5420000553131104,6297.35986328125
2025-07-18,69.27999877929688,67.33999633789062,98.4800033569336,3353.0,5.578000068664551,3.565000057220459,6296.7900390625
2025-07-21,69.20999908447266,67.19999694824219,97.8499984741211,3401.89990234375,5.610499858856201,3.325000047683716,6305.60009765625
2025-07-22,68.58999633789062,66.20999908447266,97.38999938964844,3439.199951171875,5.697000026702881,3.252000093460083,6309.6201171875
2025-07-23,68.51000213623047,65.25,97.20999908447266,3394.10009765625,5.795000076293945,3.0769999027252197,6358.91015625
2025-07-24,69.18000030517578,66.02999877929688,97.37999725341797,3371.0,5.7769999504089355,3.0940001010894775,6363.35009765625
2025-07-25,68.44000244140625,65.16000366210938,97.6500015258789,3334.0,5.763500213623047,3.109999895095825,6388.64013671875
2025-07-28,70.04000091552734,66.70999908447266,98.66000366210938,3309.10009765625,5.59499979019165,2.98799991607666,6389.77001953125
2025-07-29,72.51000213623047,69.20999908447266,98.91000366210938,3323.39990234375,5.603499889373779,3.0810000896453857,6370.85986328125
2025-07-30,73.23999786376953,70.0,99.94000244140625,3295.800048828125,5.570000171661377,3.0450000762939453,6362.89990234375
2025-07-31,72.52999877929688,69.26000213623047,100.02999877929688,3293.199951171875,4.33050012588501,3.1059999465942383,6339.39013671875
2025-08-01,69.66999816894531,67.33000183105469,98.69000244140625,3347.699951171875,4.412499904632568,3.0829999446868896,6238.009765625
2025-08-04,68.76000213623047,66.29000091552734,98.77999877929688,3374.39990234375,4.414999961853027,2.931999921798706,6329.93994140625
2025-08-05,67.63999938964844,65.16000366210938,98.77999877929688,3381.89990234375,4.363999843597412,3.009999990463257,6299.18994140625
2025-08-06,66.88999938964844,64.3499984741211,98.18000030517578,3380.0,4.390999794006348,3.0769999027252197,6345.06005859375
2025-08-07,66.43000030517578,63.880001068115234,98.4000015258789,3400.300048828125,4.378499984741211,3.066999912261963,6340.0
2025-08-08,66.58999633789062,63.880001068115234,98.18000030517578,3439.10009765625,4.45550012588501,2.990000009536743,6389.4501953125
2025-08-11,66.62999725341797,63.959999084472656,98.5199966430664,3353.10009765625,4.423500061035156,2.9539999961853027,6373.4501953125
2025-08-12,66.12000274658203,63.16999816894531,98.0999984741211,3348.89990234375,4.508500099182129,2.808000087738037,6445.759765625
2025-08-13,65.62999725341797,62.650001525878906,97.83999633789062,3358.699951171875,4.48199987411499,2.828000068664551,6466.580078125
2025-08-14,66.83999633789062,63.959999084472656,98.25,3335.199951171875,4.4644999504089355,2.8410000801086426,6468.5400390625
2025-08-15,65.8499984741211,62.79999923706055,97.8499984741211,3336.0,4.478000164031982,2.9159998893737793,6449.7998046875
2025-08-18,66.5999984741211,63.41999816894531,98.16999816894531,3331.699951171875,4.456999778747559,2.890000104904175,6449.14990234375
2025-08-19,65.79000091552734,62.349998474121094,98.2699966430664,3313.39990234375,4.408999919891357,2.7660000324249268,6411.3701171875
2025-08-20,66.83999633789062,63.209999084472656,98.22000122070312,3343.39990234375,4.426000118255615,2.752000093460083,6395.77978515625
2025-08-21,67.66999816894531,63.52000045776367,98.62000274658203,3336.89990234375,4.43149995803833,2.8259999752044678,6370.169921875
2025-08-22,67.7300033569336,63.65999984741211,97.72000122070312,3374.39990234375,4.447500228881836,2.697999954223633,6466.91015625
2025-08-25,68.80000305175781,64.80000305175781,98.43000030517578,3373.800048828125,4.4664998054504395,2.696000099182129,6439.31982421875
2025-08-26,67.22000122070312,63.25,98.2300033569336,3388.60009765625,4.450500011444092,2.7170000076293945,6465.93994140625
2025-08-27,68.05000305175781,64.1500015258789,98.2300033569336,3404.60009765625,4.4145002365112305,2.867000102996826,6481.39990234375
2025-08-28,68.62000274658203,64.5999984741211,97.80999755859375,3431.800048828125,4.463500022888184,2.944000005722046,6501.85986328125
2025-08-29,68.12000274658203,64.01000213623047,97.7699966430664,3473.699951171875,4.518499851226807,2.996999979019165,6460.259765625
2025-09-02,69.13999938964844,65.58999633789062,98.4000015258789,3549.39990234375,4.569499969482422,3.009000062942505,6415.5400390625
2025-09-03,67.5999984741211,63.970001220703125,98.13999938964844,3593.199951171875,4.558499813079834,3.063999891281128,6448.259765625
2025-09-04,66.98999786376953,63.47999954223633,98.3499984741211,3565.800048828125,4.48799991607666,3.0739998817443848,6502.080078125
2025-09-05,65.5,61.869998931884766,97.7699966430664,3613.199951171875,4.482500076293945,3.0480000972747803,6481.5
2025-09-08,66.0199966430664,62.2599983215332,97.44999694824219,3638.10009765625,4.490499973297119,3.0899999141693115,6495.14990234375
2025-09-09,66.38999938964844,62.630001068115234,97.79000091552734,3643.300048828125,4.500999927520752,3.117000102996826,6512.60986328125
2025-09-10,67.48999786376953,63.66999816894531,97.77999877929688,3643.60009765625,4.550000190734863,3.0290000438690186,6532.0400390625
2025-09-11,66.37000274658203,62.369998931884766,97.54000091552734,3636.89990234375,4.5904998779296875,2.934000015258789,6587.47021484375
2025-09-12,66.98999786376953,62.689998626708984,97.55000305175781,3649.39990234375,4.588500022888184,2.940999984741211,6584.2900390625
2025-09-15,67.44000244140625,63.29999923706055,97.30000305175781,3682.199951171875,4.6554999351501465,3.0429999828338623,6615.27978515625
2025-09-16,68.47000122070312,64.5199966430664,96.62999725341797,3688.89990234375,4.632999897003174,3.1029999256134033,6606.759765625
2025-09-17,67.94999694824219,64.05000305175781,96.87000274658203,3681.800048828125,4.571000099182129,3.0999999046325684,6600.35009765625
2025-09-18,67.44000244140625,63.56999969482422,97.3499984741211,3643.699951171875,4.540999889373779,2.938999891281128,6631.9599609375
2025-09-19,66.68000030517578,62.68000030517578,97.63999938964844,3671.5,4.568999767303467,2.888000011444092,6664.35986328125
2025-09-22,66.56999969482422,62.63999938964844,97.33000183105469,3740.699951171875,4.572999954223633,2.805999994277954,6693.75
2025-09-23,67.62999725341797,63.40999984741211,97.26000213623047,3780.60009765625,4.584499835968018,2.8529999256134033,6656.919921875
2025-09-24,69.30999755859375,64.98999786376953,97.87000274658203,3732.10009765625,4.752500057220459,2.8580000400543213,6637.97021484375
2025-09-25,69.41999816894531,64.9800033569336,98.55000305175781,3736.89990234375,4.699999809265137,2.9040000438690186,6604.72021484375
2025-09-26,70.12999725341797,65.72000122070312,98.1500015258789,3775.300048828125,4.7154998779296875,2.8350000381469727,6643.7001953125
2025-09-29,67.97000122070312,63.45000076293945,97.91000366210938,3820.89990234375,4.841000080108643,3.2669999599456787,6661.2099609375
2025-09-30,67.0199966430664,62.369998931884766,97.7699966430664,3840.800048828125,4.804999828338623,3.302999973297119,6688.4599609375
2025-10-01,65.3499984741211,61.779998779296875,97.70999908447266,3867.5,4.83050012588501,3.4760000705718994,6711.2001953125
2025-10-02,64.11000061035156,60.47999954223633,97.8499984741211,3839.699951171875,4.8979997634887695,3.441999912261963,6715.35009765625
2025-10-03,64.52999877929688,60.880001068115234,97.72000122070312,3880.800048828125,5.058000087738037,3.3239998817443848,6715.7900390625
2025-10-06,65.47000122070312,61.689998626708984,98.11000061035156,3948.5,4.986999988555908,3.3570001125335693,6740.27978515625
2025-10-07,65.44999694824219,61.72999954223633,98.58000183105469,3976.60009765625,5.047999858856201,3.497999906539917,6714.58984375
2025-10-08,66.25,62.54999923706055,98.8499984741211,4043.300048828125,5.046000003814697,3.3329999446868896,6753.72021484375
2025-10-09,65.22000122070312,61.5099983215332,99.54000091552734,3946.300048828125,5.075500011444092,3.2690000534057617,6735.10986328125
2025-10-10,62.72999954223633,58.900001525878906,98.9800033569336,3975.89990234375,4.848499774932861,3.1059999465942383,6552.509765625
2025-10-13,63.31999969482422,59.4900016784668,99.2699966430664,4108.60009765625,5.100500106811523,3.118000030517578,6654.72021484375
2025-10-14,62.38999938964844,58.70000076293945,99.05000305175781,4138.7001953125,4.980500221252441,3.0280001163482666,6644.31005859375
2025-10-15,61.90999984741211,58.27000045776367,98.79000091552734,4176.89990234375,4.9720001220703125,3.0160000324249268,6671.06005859375
2025-10-16,61.060001373291016,57.459999084472656,98.38999938964844,4280.2001953125,4.958000183105469,2.937999963760376,6629.06982421875
2025-10-17,61.290000915527344,57.540000915527344,98.43000030517578,4189.89990234375,4.93149995803833,3.007999897003174,6664.009765625
2025-10-20,61.0099983215332,57.52000045776367,98.58999633789062,4336.39990234375,4.998000144958496,3.3970000743865967,6735.1298828125
2025-10-21,61.31999969482422,57.81999969482422,98.93000030517578,4087.699951171875,4.929999828338623,3.4739999771118164,6735.35009765625
2025-10-22,62.59000015258789,58.5,98.9000015258789,4044.39990234375,4.960999965667725,3.450000047683716,6699.39990234375
2025-10-23,65.98999786376953,61.790000915527344,98.94000244140625,4125.5,5.081999778747559,3.3440001010894775,6738.43994140625
2025-10-24,65.94000244140625,61.5,98.94999694824219,4118.39990234375,5.093500137329102,3.303999900817871,6791.68994140625
2025-10-27,65.62000274658203,61.310001373291016,98.77999877929688,4001.89990234375,5.140500068664551,3.441999912261963,6875.16015625
2025-10-28,64.4000015258789,60.150001525878906,98.69000244140625,3966.199951171875,5.140500068664551,3.3450000286102295,6890.89013671875
2025-10-29,64.91999816894531,60.47999954223633,99.22000122070312,3983.699951171875,5.233500003814697,3.375999927520752,6890.58984375
2025-10-30,65.0,60.56999969482422,99.52999877929688,4001.300048828125,5.078000068664551,3.9560000896453857,6822.33984375
2025-10-31,65.06999969482422,60.97999954223633,99.80000305175781,3982.199951171875,5.065499782562256,4.124000072479248,6840.2001953125
2025-11-03,64.88999938964844,61.04999923706055,99.87000274658203,4000.300048828125,5.046999931335449,4.265999794006348,6851.97021484375
2025-11-04,64.44000244140625,60.560001373291016,100.22000122070312,3947.699951171875,4.926000118255615,4.3429999351501465,6771.5498046875
2025-11-05,63.52000045776367,59.599998474121094,100.19999694824219,3980.300048828125,4.9629998207092285,4.23199987411499,6796.2900390625
2025-11-06,63.380001068115234,59.43000030517578,99.7300033569336,3979.89990234375,4.945499897003174,4.35699987411499,6720.31982421875
2025-11-07,63.630001068115234,59.75,99.5999984741211,3999.39990234375,4.938000202178955,4.315000057220459,6728.7998046875
2025-11-10,64.05999755859375,60.130001068115234,99.62000274658203,4111.7998046875,5.086999893188477,4.3379998207092285,6832.43017578125
2025-11-11,65.16000366210938,61.040000915527344,99.45999908447266,4106.7998046875,5.048500061035156,4.565000057220459,6846.60986328125
2025-11-12,62.709999084472656,58.4900016784668,99.4800033569336,4204.39990234375,5.0894999504089355,4.5329999923706055,6850.919921875
2025-11-13,63.0099983215332,58.689998626708984,99.18000030517578,4186.89990234375,5.087500095367432,4.645999908447266,6737.490234375
2025-11-14,64.38999938964844,60.09000015258789,99.2699966430664,4087.60009765625,5.049499988555908,4.565999984741211,6734.10986328125
2025-11-17,64.19999694824219,59.90999984741211,99.58999633789062,4068.300048828125,5.0,4.361000061035156,6672.41015625
2025-11-18,64.88999938964844,60.7400016784668,99.55000305175781,4061.300048828125,4.962500095367432,4.370999813079834,6617.31982421875
2025-11-19,63.5099983215332,59.439998626708984,100.2300033569336,4077.699951171875,5.007999897003174,4.550000190734863,6642.16015625
2025-11-20,63.380001068115234,59.13999938964844,100.16000366210938,4056.5,4.959499835968018,4.473999977111816,6538.759765625
2025-11-21,62.560001373291016,58.060001373291016,100.18000030517578,4076.699951171875,5.008500099182129,4.579999923706055,6602.990234375
2025-11-24,63.369998931884766,58.84000015258789,100.13999938964844,4091.89990234375,4.961999893188477,4.548999786376953,6705.1201171875
2025-11-25,62.47999954223633,57.95000076293945,99.66000366210938,4139.2001953125,4.999499797821045,4.423999786376953,6765.8798828125
2025-11-26,63.130001068115234,58.650001525878906,99.5999984741211,4165.2001953125,5.104499816894531,4.558000087738037,6812.60986328125
2025-11-28,63.20000076293945,58.54999923706055,99.45999908447266,4218.2998046875,5.185500144958496,4.849999904632568,6849.08984375
2025-12-01,63.16999816894531,59.31999969482422,99.41000366210938,4239.2998046875,5.218999862670898,4.921000003814697,6812.6298828125
2025-12-02,62.45000076293945,58.63999938964844,99.36000061035156,4186.60009765625,5.160999774932861,4.840000152587891,6829.3701171875
2025-12-03,62.66999816894531,58.95000076293945,98.8499984741211,4199.2998046875,5.308000087738037,4.994999885559082,6849.72021484375
2025-12-04,63.2599983215332,59.66999816894531,98.98999786376953,4211.7998046875,5.291500091552734,5.063000202178955,6857.1201171875
2025-12-05,63.75,60.08000183105469,98.98999786376953,4212.89990234375,5.381999969482422,5.289000034332275,6870.39990234375
2025-12-08,62.4900016784668,58.880001068115234,99.08999633789062,4187.2001953125,5.364500045776367,4.9120001792907715,6846.509765625
2025-12-09,61.939998626708984,58.25,99.22000122070312,4206.7001953125,5.240499973297119,4.573999881744385,6840.509765625
2025-12-10,62.209999084472656,58.459999084472656,98.79000091552734,4196.39990234375,5.2754998207092285,4.59499979019165,6886.68017578125
2025-12-11,61.279998779296875,57.599998474121094,98.3499984741211,4285.5,5.427000045776367,4.230999946594238,6901.0
2025-12-12,61.119998931884766,57.439998626708984,98.4000015258789,4300.10009765625,5.2835001945495605,4.11299991607666,6827.41015625
2025-12-15,60.560001373291016,56.81999969482422,98.1500015258789,4306.7001953125,5.338500022888184,4.01200008392334,6816.509765625
2025-12-16,58.91999816894531,55.27000045776367,98.1500015258789,4304.5,5.2870001792907715,3.885999917984009,6800.259765625
2025-12-17,59.68000030517578,55.939998626708984,98.37000274658203,4347.5,5.363500118255615,4.02400016784668,6721.43017578125
2025-12-18,59.81999969482422,56.150001525878906,98.43000030517578,4339.5,5.366499900817871,3.9079999923706055,6774.759765625
2025-12-19,60.470001220703125,56.65999984741211,98.5999984741211,4361.39990234375,5.439499855041504,3.9839999675750732,6834.5
2025-12-22,62.06999969482422,58.0099983215332,98.29000091552734,4444.60009765625,5.4375,3.9649999141693115,6878.490234375
2025-12-23,62.380001068115234,58.380001068115234,97.94000244140625,4482.7998046875,5.47599983215332,4.4079999923706055,6909.7900390625
2025-12-24,62.2400016784668,58.349998474121094,97.9800033569336,4480.60009765625,5.498499870300293,4.242000102996826,6932.0498046875
2025-12-26,60.63999938964844,56.7400016784668,98.0199966430664,4529.10009765625,5.766499996185303,4.366000175476074,6929.93994140625
2025-12-29,61.939998626708984,58.08000183105469,98.04000091552734,4325.10009765625,5.490499973297119,4.686999797821045,6905.740234375
2025-12-30,61.91999816894531,57.95000076293945,98.23999786376953,4370.10009765625,5.727499961853027,3.9719998836517334,6896.240234375
2025-12-31,60.849998474121094,57.41999816894531,98.27999877929688,4325.60009765625,5.630000114440918,3.686000108718872,6845.5
2026-01-02,60.75,57.31999969482422,98.41999816894531,4314.39990234375,5.639999866485596,3.618000030517578,6858.47021484375
2026-01-05,61.7599983215332,58.31999969482422,98.2699966430664,4436.89990234375,5.924499988555908,3.5230000019073486,6902.0498046875
2026-01-06,60.70000076293945,57.130001068115234,98.58000183105469,4482.2001953125,6.010499954223633,3.3499999046325684,6944.81982421875
2026-01-07,59.959999084472656,55.9900016784668,98.68000030517578,4449.2998046875,5.809000015258789,3.5250000953674316,6920.93017578125
2026-01-08,61.9900016784668,57.7599983215332,98.93000030517578,4449.7001953125,5.746500015258789,3.4070000648498535,6921.4599609375
2026-01-09,63.34000015258789,59.119998931884766,99.12999725341797,4490.2998046875,5.855500221252441,3.1689999103546143,6966.27978515625
2026-01-12,63.869998931884766,59.5,98.86000061035156,4604.2998046875,5.985000133514404,3.4089999198913574,6977.27001953125
2026-01-13,65.47000122070312,61.150001525878906,99.12999725341797,4589.2001953125,5.96999979019165,3.4189999103546143,6963.740234375
2026-01-14,66.5199966430664,62.02000045776367,99.12999725341797,4626.2998046875,6.008999824523926,3.119999885559082,6926.60009765625
2026-01-15,63.7599983215332,59.189998626708984,99.31999969482422,4616.2998046875,5.947999954223633,3.128000020980835,6944.47021484375
2026-01-16,64.12999725341797,59.439998626708984,99.38999938964844,4588.39990234375,5.78849983215332,3.1029999256134033,6940.009765625
2026-01-20,64.91999816894531,60.34000015258789,98.63999938964844,4759.60009765625,5.7729997634887695,3.9070000648498535,6796.85986328125
2026-01-21,65.23999786376953,60.619998931884766,98.76000213623047,4831.7998046875,5.729499816894531,4.875,6875.6201171875
2026-01-22,64.05999755859375,59.36000061035156,98.36000061035156,4908.7998046875,5.742499828338623,5.045000076293945,6913.35009765625
2026-01-23,65.87999725341797,61.06999969482422,97.5999984741211,4976.2001953125,5.910999774932861,5.275000095367432,6915.60986328125
2026-01-26,65.58999633789062,60.630001068115234,97.04000091552734,5079.7001953125,5.984000205993652,6.800000190734863,6950.22998046875
2026-01-27,67.56999969482422,62.38999938964844,96.22000122070312,5079.89990234375,5.828499794006348,6.953999996185303,6978.60009765625
2026-01-28,68.4000015258789,63.209999084472656,96.44999694824219,5301.60009765625,5.892499923706055,7.460000038146973,6978.02978515625
2026-01-29,70.70999908447266,65.41999816894531,96.27999877929688,5318.39990234375,6.17549991607666,3.9179999828338623,6969.009765625
2026-01-30,70.69000244140625,65.20999908447266,96.98999786376953,4713.89990234375,5.896999835968018,4.354000091552734,6939.02978515625
2026-02-02,66.30000305175781,62.13999938964844,97.61000061035156,4622.5,5.801499843597412,3.236999988555908,6976.43994140625
2026-02-03,67.33000183105469,63.209999084472656,97.44000244140625,4903.7001953125,6.0625,3.311000108718872,6917.81005859375
2026-02-04,69.45999908447266,65.13999938964844,97.62000274658203,4920.39990234375,5.826000213623047,3.4649999141693115,6882.72021484375
2026-02-05,67.55000305175781,63.290000915527344,97.81999969482422,4861.39990234375,5.798999786376953,3.509000062942505,6798.39990234375
2026-02-06,68.05000305175781,63.54999923706055,97.62999725341797,4951.2001953125,5.863500118255615,3.421999931335449,6932.2998046875
2026-02-09,69.04000091552734,64.36000061035156,96.81999969482422,5050.89990234375,5.945000171661377,3.138000011444092,6964.81982421875
2026-02-10,68.80000305175781,63.959999084472656,96.80000305175781,5003.7998046875,5.895999908447266,3.115000009536743,6941.81005859375
2026-02-11,69.4000015258789,64.62999725341797,96.83000183105469,5071.60009765625,5.948999881744385,3.1589999198913574,6941.47021484375
2026-02-12,67.5199966430664,62.84000015258789,96.93000030517578,4923.7001953125,5.770999908447266,3.2170000076293945,6832.759765625
2026-02-13,67.75,62.88999938964844,96.87999725341797,5022.0,5.792500019073486,3.243000030517578,6836.169921875
2026-02-17,67.41999816894531,62.33000183105469,97.16000366210938,4882.89990234375,5.632999897003174,3.0309998989105225,6843.22021484375
2026-02-18,70.3499984741211,65.19000244140625,97.69999694824219,4986.5,5.793499946594238,3.010999917984009,6881.31005859375
2026-02-19,71.66000366210938,66.43000030517578,97.93000030517578,4975.89990234375,5.730000019073486,2.996000051498413,6861.89013671875
2026-02-20,71.76000213623047,66.38999938964844,97.80000305175781,5059.2998046875,5.830999851226807,3.046999931335449,6909.509765625
2026-02-23,71.48999786376953,66.30999755859375,97.69999694824219,5204.7001953125,5.7729997634887695,2.984999895095825,6837.75
2026-02-24,70.7699966430664,65.62999725341797,97.87999725341797,5155.7998046875,5.922999858856201,2.9149999618530273,6890.06982421875
2026-02-25,70.8499984741211,65.41999816894531,97.69999694824219,5206.39990234375,5.979499816894531,2.9690001010894775,6946.1298828125
2026-02-26,70.75,65.20999908447266,97.79000091552734,5176.5,5.947000026702881,2.8269999027252197,6908.85986328125
2026-02-27,72.4800033569336,67.0199966430664,97.61000061035156,5230.5,6.004499912261963,2.8589999675750732,6878.8798828125
2026-03-02,77.73999786376953,71.2300033569336,98.37999725341797,5294.39990234375,5.894499778747559,2.9600000381469727,6881.6201171875
2026-03-03,81.4000015258789,74.55999755859375,99.05000305175781,5107.39990234375,5.773499965667725,3.053999900817871,6816.6298828125
2026-03-04,81.4000015258789,74.66000366210938,98.7699966430664,5120.2001953125,5.855000019073486,2.9170000553131104,6869.5
2026-03-05,85.41000366210938,81.01000213623047,99.31999969482422,5065.2998046875,5.752999782562256,3.003000020980835,6830.7099609375
2026-03-06,92.69000244140625,90.9000015258789,98.98999786376953,5146.10009765625,5.756999969482422,3.186000108718872,6740.02001953125
2026-03-09,98.95999908447266,94.7699966430664,99.18000030517578,5091.5,5.80049991607666,3.119999885559082,6795.990234375
2026-03-10,87.80000305175781,83.44999694824219,98.83000183105469,5229.7001953125,5.9039998054504395,3.0199999809265137,6781.47998046875
2026-03-11,91.9800033569336,87.25,99.2300033569336,5167.39990234375,5.8454999923706055,3.2090001106262207,6775.7998046875
2026-03-12,100.45999908447266,95.7300033569336,99.73999786376953,5115.7998046875,5.82450008392334,3.2330000400543213,6672.6201171875
2026-03-13,103.13999938964844,98.70999908447266,100.36000061035156,5052.5,5.7144999504089355,3.13100004196167,6632.18994140625
2026-03-16,100.20999908447266,93.5,99.70999908447266,4994.0,5.790500164031982,3.0230000019073486,6699.3798828125
2026-03-17,103.41999816894531,96.20999908447266,99.58000183105469,5001.0,5.726500034332275,3.0329999923706055,6716.08984375
2026-03-18,107.37999725341797,96.31999969482422,100.08999633789062,4889.89990234375,5.553999900817871,3.065000057220459,6624.7001953125
2026-03-19,108.6500015258789,96.13999938964844,99.2300033569336,4600.7001953125,5.433000087738037,3.1659998893737793,6606.490234375
2026-03-20,112.19000244140625,98.31999969482422,99.6500015258789,4570.39990234375,5.34250020980835,3.0950000286102295,6506.47998046875
2026-03-23,99.94000244140625,88.12999725341797,98.94999694824219,4404.10009765625,5.439499855041504,2.8910000324249268,6581.0
2026-03-24,104.48999786376953,92.3499984741211,99.43000030517578,4399.2998046875,5.422500133514404,2.943000078201294,6556.3701171875
2026-03-25,102.22000122070312,90.31999969482422,99.5999984741211,4549.7998046875,5.5289998054504395,2.9519999027252197,6591.89990234375
2026-03-26,108.01000213623047,94.4800033569336,99.9000015258789,4375.5,5.446499824523926,2.999000072479248,6477.16015625
2026-03-27,112.56999969482422,99.63999938964844,100.1500015258789,4492.0,5.4670000076293945,3.0950000286102295,6368.85009765625
2026-03-30,112.77999877929688,102.87999725341797,100.51000213623047,4526.0,5.47599983215332,2.88700008392334,6343.72021484375
2026-03-31,118.3499984741211,101.37999725341797,99.95999908447266,4647.60009765625,5.587500095367432,2.884000062942505,6528.52001953125
2026-04-01,101.16000366210938,100.12000274658203,99.6500015258789,4783.2001953125,5.624000072479248,2.819000005722046,6575.31982421875
2026-04-02,109.02999877929688,111.54000091552734,100.02999877929688,4651.5,5.563000202178955,2.799999952316284,6582.68994140625
2026-04-06,109.7699966430664,112.41000366210938,99.9800033569336,4656.7998046875,5.583499908447266,2.811000108718872,6611.830078125
2026-04-07,109.2699966430664,112.94999694824219,99.63999938964844,4657.10009765625,5.54449987411499,2.869999885559082,6616.85009765625
2026-04-08,94.75,94.41000366210938,99.12999725341797,4749.5,5.759500026702881,2.7239999771118164,6782.81005859375
2026-04-09,95.91999816894531,97.87000274658203,98.81999969482422,4792.2001953125,5.748000144958496,2.6700000762939453,6824.66015625
2026-04-10,95.19999694824219,96.56999969482422,98.6500015258789,4761.89990234375,5.870500087738037,2.6480000019073486,6816.89013671875
2026-04-13,99.36000061035156,99.08000183105469,98.37000274658203,4742.39990234375,5.97599983215332,2.627000093460083,6886.240234375
2026-04-14,94.79000091552734,91.27999877929688,98.12000274658203,4825.0,6.070499897003174,2.5989999771118164,6967.3798828125
2026-04-15,94.93000030517578,91.29000091552734,98.05999755859375,4800.0,6.072000026702881,2.609999895095825,7022.9501953125
2026-04-16,99.38999938964844,94.69000244140625,98.22000122070312,4785.39990234375,6.066500186920166,2.6470000743865967,7041.27978515625
2026-04-17,90.37999725341797,83.8499984741211,98.0999984741211,4857.60009765625,6.103499889373779,2.6740000247955322,7126.06005859375
2026-04-20,95.4800033569336,89.61000061035156,98.05000305175781,4806.60009765625,6.035999774932861,2.688999891281128,7109.14013671875
2026-04-21,98.4800033569336,92.12999725341797,98.41000366210938,4698.39990234375,6.001500129699707,2.697000026702881,7064.009765625
2026-04-22,101.91000366210938,92.95999908447266,98.58999633789062,4732.5,6.119999885559082,2.7219998836517334,7137.89990234375
2026-04-23,105.06999969482422,95.8499984741211,98.80000305175781,4705.10009765625,6.075500011444092,2.614000082015991,7108.39990234375
2026-04-24,105.33000183105469,94.4000015258789,98.51000213623047,4722.2998046875,6.023499965667725,2.5230000019073486,7165.080078125
2026-04-27,108.2300033569336,96.37000274658203,98.4800033569336,4675.39990234375,6.01800012588501,2.549999952316284,7173.91015625
2026-04-28,111.26000213623047,99.93000030517578,98.62000274658203,4591.5,5.9145002365112305,2.559000015258789,7138.7998046875
2026-04-29,118.02999877929688,106.87999725341797,98.91999816894531,4545.2001953125,5.878499984741211,2.6470000743865967,7135.9501953125
2026-04-30,114.01000213623047,105.06999969482422,98.08000183105469,4614.7001953125,5.926000118255615,2.7669999599456787,7209.009765625
2026-05-01,108.16999816894531,101.94000244140625,98.20999908447266,4629.89990234375,5.932000160217285,2.7799999713897705,7230.1201171875
2026-05-04,114.44000244140625,106.41999816894531,98.47000122070312,4519.5,5.795000076293945,2.867000102996826,7200.75
2026-05-05,109.87000274658203,102.2699966430664,98.4800033569336,4555.7998046875,5.942999839782715,2.7880001068115234,7259.22021484375
2026-05-06,101.2699966430664,95.08000183105469,98.0199966430664,4681.89990234375,6.136499881744385,2.7300000190734863,7365.1201171875
2026-05-07,100.05999755859375,94.80999755859375,98.25,4699.7998046875,6.127500057220459,2.7690000534057617,7337.10986328125
2026-05-08,101.29000091552734,95.41999816894531,97.83999633789062,4720.39990234375,6.249000072479248,2.756999969482422,7398.93017578125
2026-05-11,104.20999908447266,98.06999969482422,97.94000244140625,4718.7001953125,6.41349983215332,2.9100000858306885,7412.83984375
2026-05-12,107.7699966430664,102.18000030517578,98.29000091552734,4677.60009765625,6.485000133514404,2.8429999351501465,7400.9599609375
2026-05-13,105.62999725341797,101.0199966430664,98.4800033569336,4697.7001953125,6.635499954223633,2.864000082015991,7444.25
2026-05-14,105.72000122070312,101.16999816894531,98.87999725341797,4678.10009765625,6.567500114440918,2.8940000534057617,7501.240234375
2026-05-15,109.26000213623047,105.41999816894531,99.2699966430664,4555.7998046875,6.251500129699707,2.9600000381469727,7408.5
2026-05-18,112.0999984741211,108.66000366210938,98.97000122070312,4552.5,6.271999835968018,3.0239999294281006,7403.0498046875
2026-05-19,111.27999877929688,107.7699966430664,99.30000305175781,4506.2998046875,6.164999961853027,3.114000082015991,7353.60986328125
2026-05-20,105.0199966430664,98.26000213623047,99.11000061035156,4531.2998046875,6.290500164031982,3.003999948501587,7432.97021484375
2026-05-21,102.58000183105469,96.3499984741211,99.19000244140625,4539.7998046875,6.256999969482422,3.0179998874664307,7445.72021484375
2026-05-22,103.54000091552734,96.5999984741211,99.31999969482422,4521.0,6.3420000076293945,2.9070000648498535,7473.47021484375
2026-05-26,99.58000183105469,93.88999938964844,99.16999816894531,4500.39990234375,6.361000061035156,2.8940000534057617,7519.1201171875
2026-05-27,94.29000091552734,88.68000030517578,99.20999908447266,4447.5,6.304999828338623,3.0399999618530273,7520.35986328125
2026-05-28,93.70999908447266,88.9000015258789,99.0199966430664,4499.2998046875,6.395999908447266,3.2850000858306885,7563.6298828125
2026-05-29,92.05000305175781,87.36000061035156,98.91000366210938,4560.5,6.359499931335449,3.2899999618530273,7580.06005859375
2026-06-01,94.9800033569336,92.16000366210938,99.19999694824219,4475.2001953125,6.52400016784668,3.178999900817871,7599.9599609375
2026-06-02,96.0,93.76000213623047,99.22000122070312,4489.10009765625,6.649499893188477,3.1670000553131104,7609.77978515625
2026-06-03,97.80999755859375,96.0199966430664,99.52999877929688,4436.7001953125,6.480999946594238,3.2139999866485596,7553.68017578125
2026-06-04,95.02999877929688,93.04000091552734,99.41000366210938,4475.7998046875,6.511000156402588,3.3359999656677246,7584.31005859375
2026-06-05,93.08999633789062,90.54000091552734,100.06999969482422,4337.10009765625,6.263500213623047,3.2290000915527344,7383.740234375
2026-06-08,94.25,91.30000305175781,100.05000305175781,4335.89990234375,6.329500198364258,3.1470000743865967,7405.72998046875
2026-06-09,91.44999694824219,88.19999694824219,99.91000366210938,4260.0,6.302499771118164,3.140000104904175,7386.64990234375
2026-06-10,94.37999725341797,91.52999877929688,99.91899871826172,4115.89990234375,6.239500045776367,3.193000078201294,7266.990234375
